feature_enhancements	start	77487c9895f554b68d388e448af0f9d44c70a6a8	states/endpoints/feature_enhancements_start--65b6228c0c/implementation.patch	states/endpoints/feature_enhancements_start--65b6228c0c/test.patch	feature_enhancements	overlays/feature_enhancements.tsv
feature_enhancements	end	29a1757a4ab4f49eb9f6da9277861b5a368f5aeb	states/endpoints/feature_enhancements_end--654c9276ff/implementation.patch	states/endpoints/feature_enhancements_end--654c9276ff/test.patch	feature_enhancements	overlays/feature_enhancements.tsv
maintenance_bug_fixes	start	35af43da243b0cc85776032cd65591299ac20bde	states/endpoints/maintenance_bug_fixes_start--09e4e542ae/implementation.patch	states/endpoints/maintenance_bug_fixes_start--09e4e542ae/test.patch	maintenance_bug_fixes	overlays/maintenance_bug_fixes.tsv
maintenance_bug_fixes	end	bed5aeedc26bbfdc9a80d2efb5a935bbfab983f9	states/endpoints/maintenance_bug_fixes_end--2568fd79f9/implementation.patch	states/endpoints/maintenance_bug_fixes_end--2568fd79f9/test.patch	maintenance_bug_fixes	overlays/maintenance_bug_fixes.tsv
maintenance_infrastructure	start	57c43be97b1b95c3d9d57578380b962919e3827a	states/endpoints/maintenance_infrastructure_start--d13e95eecb/implementation.patch	states/endpoints/maintenance_infrastructure_start--d13e95eecb/test.patch	feature_enhancements	overlays/maintenance_infrastructure.tsv
maintenance_infrastructure	end	d5b22bd532fc2893968806a0fc30b647c2e47200	states/endpoints/maintenance_infrastructure_end--1acf4e4638/implementation.patch	states/endpoints/maintenance_infrastructure_end--1acf4e4638/test.patch	feature_enhancements	overlays/maintenance_infrastructure.tsv
maintenance_ui_ux	start	3c3493d147ad81d8d9142e594da8c6451f53836d	states/endpoints/maintenance_ui_ux_start--b5e57bbef1/implementation.patch	states/endpoints/maintenance_ui_ux_start--b5e57bbef1/test.patch	maintenance_ui_ux	overlays/maintenance_ui_ux.tsv
maintenance_ui_ux	end	08ec266d8c13838b0455da615cc2ab1c4a051b95	states/endpoints/maintenance_ui_ux_end--313a61a3e7/implementation.patch	states/endpoints/maintenance_ui_ux_end--313a61a3e7/test.patch	maintenance_ui_ux	overlays/maintenance_ui_ux.tsv
milestone_seed_05df321_1	start	ec96e9ec59c713504e35c97ea0d48ba9485a74f9	states/endpoints/milestone_seed_05df321_1_start--fe446df452/implementation.patch	states/endpoints/milestone_seed_05df321_1_start--fe446df452/test.patch	milestone_seed_05df321_1	overlays/milestone_seed_05df321_1.tsv
milestone_seed_05df321_1	end	dae0cca5abc9f894532a97004cef4a26b393cfa3	states/endpoints/milestone_seed_05df321_1_end--dfe8ad2f98/implementation.patch	states/endpoints/milestone_seed_05df321_1_end--dfe8ad2f98/test.patch	milestone_seed_05df321_1	overlays/milestone_seed_05df321_1.tsv
milestone_seed_3762d40_1	start	acd5ba03bb4e87e7abb9e92e207b24c7d3e05ad8	states/endpoints/milestone_seed_3762d40_1_start--a213beac84/implementation.patch	states/endpoints/milestone_seed_3762d40_1_start--a213beac84/test.patch	milestone_seed_3762d40_1	overlays/milestone_seed_3762d40_1.tsv
milestone_seed_3762d40_1	end	072af81abdf77260ed2e1d15e7f3e7065271593a	states/endpoints/milestone_seed_3762d40_1_end--af21005b55/implementation.patch	states/endpoints/milestone_seed_3762d40_1_end--af21005b55/test.patch	milestone_seed_3762d40_1	overlays/milestone_seed_3762d40_1.tsv
milestone_seed_3f47487_1	start	8aa1e99b85a2f4aa5f67ca352039269a2b490c46	states/endpoints/milestone_seed_3f47487_1_start--87526f7fd0/implementation.patch	states/endpoints/milestone_seed_3f47487_1_start--87526f7fd0/test.patch	milestone_seed_3f47487_1	overlays/milestone_seed_3f47487_1.tsv
milestone_seed_3f47487_1	end	8fed785ce6da6370fc93c8ca4c86e2439011a45f	states/endpoints/milestone_seed_3f47487_1_end--e5c97675f5/implementation.patch	states/endpoints/milestone_seed_3f47487_1_end--e5c97675f5/test.patch	milestone_seed_3f47487_1	overlays/milestone_seed_3f47487_1.tsv
milestone_seed_599112e_1	start	64e0424596a21c42e450b0adcb53aa8e65f74f78	states/endpoints/milestone_seed_599112e_1_start--7a975d10ab/implementation.patch	states/endpoints/milestone_seed_599112e_1_start--7a975d10ab/test.patch	milestone_seed_599112e_1	overlays/milestone_seed_599112e_1.tsv
milestone_seed_599112e_1	end	9d8740c3ebc736d4c5af6d269f66946243e6af6e	states/endpoints/milestone_seed_599112e_1_end--b4c9efdec6/implementation.patch	states/endpoints/milestone_seed_599112e_1_end--b4c9efdec6/test.patch	milestone_seed_599112e_1	overlays/milestone_seed_599112e_1.tsv
milestone_seed_7ff1fd2_1	start	e231849ff82f94c54f2bec642d283fbaad8b8b24	states/endpoints/milestone_seed_7ff1fd2_1_start--25283e5651/implementation.patch	states/endpoints/milestone_seed_7ff1fd2_1_start--25283e5651/test.patch	milestone_seed_7ff1fd2_1	overlays/milestone_seed_7ff1fd2_1.tsv
milestone_seed_7ff1fd2_1	end	823166fa4cc8460fa1856df46463ca8ffefbbcfe	states/endpoints/milestone_seed_7ff1fd2_1_end--6824dfe494/implementation.patch	states/endpoints/milestone_seed_7ff1fd2_1_end--6824dfe494/test.patch	milestone_seed_7ff1fd2_1	overlays/milestone_seed_7ff1fd2_1.tsv
milestone_seed_8bb4d44_1	start	2223dc2f515c98a69f82c6292715b6a8004e262b	states/endpoints/milestone_seed_8bb4d44_1_start--bac1f66563/implementation.patch	states/endpoints/milestone_seed_8bb4d44_1_start--bac1f66563/test.patch	milestone_seed_8bb4d44_1	overlays/milestone_seed_8bb4d44_1.tsv
milestone_seed_8bb4d44_1	end	80fd94238f9e92d6303892565899629729bd6d10	states/endpoints/milestone_seed_8bb4d44_1_end--b1c36c9e77/implementation.patch	states/endpoints/milestone_seed_8bb4d44_1_end--b1c36c9e77/test.patch	milestone_seed_8bb4d44_1	overlays/milestone_seed_8bb4d44_1.tsv
milestone_seed_aa99601_1	start	46f0ab46086a4565b0689416d03933409654dd2f	states/endpoints/milestone_seed_aa99601_1_start--35b3e37892/implementation.patch	states/endpoints/milestone_seed_aa99601_1_start--35b3e37892/test.patch	milestone_seed_aa99601_1	overlays/milestone_seed_aa99601_1.tsv
milestone_seed_aa99601_1	end	3213c32e3ef20df2fb77a712705c5ec7c373d8f0	states/endpoints/milestone_seed_aa99601_1_end--add123153f/implementation.patch	states/endpoints/milestone_seed_aa99601_1_end--add123153f/test.patch	milestone_seed_aa99601_1	overlays/milestone_seed_aa99601_1.tsv
milestone_seed_be3778b_1	start	2d9c8db0e4296759394f6e6b5acbbaa8e6f237f4	states/endpoints/milestone_seed_be3778b_1_start--315ecaf104/implementation.patch	states/endpoints/milestone_seed_be3778b_1_start--315ecaf104/test.patch	milestone_seed_be3778b_1	overlays/milestone_seed_be3778b_1.tsv
milestone_seed_be3778b_1	end	903df8e6d70627b0652e96fcce355e0881c26732	states/endpoints/milestone_seed_be3778b_1_end--f84e9ac9b0/implementation.patch	states/endpoints/milestone_seed_be3778b_1_end--f84e9ac9b0/test.patch	milestone_seed_be3778b_1	overlays/milestone_seed_be3778b_1.tsv
milestone_seed_e662c19_1	start	f54f7d97ca71ba5bbfc765a6d356cc591ce0c956	states/endpoints/milestone_seed_e662c19_1_start--1a694d5e6a/implementation.patch	states/endpoints/milestone_seed_e662c19_1_start--1a694d5e6a/test.patch	milestone_seed_e662c19_1	overlays/milestone_seed_e662c19_1.tsv
milestone_seed_e662c19_1	end	3d4502e341489249c3ef94143292b34cf7cca742	states/endpoints/milestone_seed_e662c19_1_end--6a373185d8/implementation.patch	states/endpoints/milestone_seed_e662c19_1_end--6a373185d8/test.patch	milestone_seed_e662c19_1	overlays/milestone_seed_e662c19_1.tsv
milestone_seed_e9a3625_1_sub-01	start	c81e6d1e38452473ea131f2f2d856b714ec56ad6	states/endpoints/milestone_seed_e9a3625_1_sub-01_start--2f55771e4a/implementation.patch	states/endpoints/milestone_seed_e9a3625_1_sub-01_start--2f55771e4a/test.patch	milestone_seed_e9a3625_1_sub-01	overlays/milestone_seed_e9a3625_1_sub-01.tsv
milestone_seed_e9a3625_1_sub-01	end	8f24a92423f0300b19168cf9dceecb8cf4b0a308	states/endpoints/milestone_seed_e9a3625_1_sub-01_end--3c56dd8130/implementation.patch	states/endpoints/milestone_seed_e9a3625_1_sub-01_end--3c56dd8130/test.patch	milestone_seed_e9a3625_1_sub-01	overlays/milestone_seed_e9a3625_1_sub-01.tsv
milestone_seed_e9a3625_1_sub-02	start	b67ff897963235367691592bed6ff592ba3ff632	states/endpoints/milestone_seed_e9a3625_1_sub-02_start--38a43d002c/implementation.patch	states/endpoints/milestone_seed_e9a3625_1_sub-02_start--38a43d002c/test.patch	milestone_seed_e9a3625_1_sub-02	overlays/milestone_seed_e9a3625_1_sub-02.tsv
milestone_seed_e9a3625_1_sub-02	end	e9638163981b9af69f9eb64cd934db2c34ec2052	states/endpoints/milestone_seed_e9a3625_1_sub-02_end--2805bea2b9/implementation.patch	states/endpoints/milestone_seed_e9a3625_1_sub-02_end--2805bea2b9/test.patch	milestone_seed_e9a3625_1_sub-02	overlays/milestone_seed_e9a3625_1_sub-02.tsv
milestone_seed_e9a3625_1_sub-03	start	266d9fb40b487d6b06cfd1942c207fbd661f007a	states/endpoints/milestone_seed_e9a3625_1_sub-03_start--06b2139d4a/implementation.patch	states/endpoints/milestone_seed_e9a3625_1_sub-03_start--06b2139d4a/test.patch	milestone_seed_e9a3625_1_sub-03	overlays/milestone_seed_e9a3625_1_sub-03.tsv
milestone_seed_e9a3625_1_sub-03	end	927f122e2ab0e62bb925d86e5b882ece47936669	states/endpoints/milestone_seed_e9a3625_1_sub-03_end--34aec74ee4/implementation.patch	states/endpoints/milestone_seed_e9a3625_1_sub-03_end--34aec74ee4/test.patch	milestone_seed_e9a3625_1_sub-03	overlays/milestone_seed_e9a3625_1_sub-03.tsv
milestone_seed_f59af37_1	start	c3a0f413a14bdfc1da09b0804c4eb49d0fbdce8f	states/endpoints/milestone_seed_f59af37_1_start--796a71aafb/implementation.patch	states/endpoints/milestone_seed_f59af37_1_start--796a71aafb/test.patch	milestone_seed_f59af37_1	overlays/milestone_seed_f59af37_1.tsv
milestone_seed_f59af37_1	end	26278e8e4cac948508428ad202c8ca00080a9a21	states/endpoints/milestone_seed_f59af37_1_end--8c14f3c110/implementation.patch	states/endpoints/milestone_seed_f59af37_1_end--8c14f3c110/test.patch	milestone_seed_f59af37_1	overlays/milestone_seed_f59af37_1.tsv
milestone_seed_fba5938_1	start	6814b9c0a67265c40d438dcacf1ff2d58d625554	states/endpoints/milestone_seed_fba5938_1_start--fad97fd65c/implementation.patch	states/endpoints/milestone_seed_fba5938_1_start--fad97fd65c/test.patch	milestone_seed_fba5938_1	overlays/milestone_seed_fba5938_1.tsv
milestone_seed_fba5938_1	end	f115ba26d8278fd40e76a7c666cee8f5324460b6	states/endpoints/milestone_seed_fba5938_1_end--9c62d0d5b2/implementation.patch	states/endpoints/milestone_seed_fba5938_1_end--9c62d0d5b2/test.patch	milestone_seed_fba5938_1	overlays/milestone_seed_fba5938_1.tsv
