id,title,category,commits,mini_srs,confidence_score,src_loc,start_time,end_time,loc,additions,deletions,src_additions,src_deletions,touched_test_files,touched_src_files
M01,Metadata routing for RFE and RFECV,Feature,38fefe1;a2448b5,"This milestone implements SLEP006 metadata routing for the RFE (Recursive Feature Elimination) and RFECV (RFE with Cross-Validation) classes in the feature_selection module. The implementation enables proper routing of parameters to underlying estimators, scorers, and CV splitters through the fit, predict, and score methods. A thread-safety fix for RFECV when used with joblib threading backend is also included. The changes affect sklearn/feature_selection/_rfe.py and sklearn/metrics/_scorer.py, adding comprehensive metadata routing support with backward compatibility for non-routing mode.",0.95,262,2024-08-13T10:27:13+02:00,2024-11-01T11:23:58+05:00,272,239,33,232,30,,sklearn/feature_selection/_rfe.py;sklearn/metrics/_scorer.py
M03,Move Estimator Type to Tags,Breaking,e16a6dd;4dfbfb9,"This milestone extends the tag architecture by moving estimator type identification from the legacy _estimator_type class attribute to the new tags.estimator_type field. Commit 613cff9 modifies BaseEstimator to return Tags with estimator_type=None by default, while ClassifierMixin, RegressorMixin, ClusterMixin, DensityMixin, and OutlierMixin set appropriate type values ('classifier', 'regressor', 'clusterer', 'density_estimator', 'outlier_detector'). The is_classifier(), is_regressor(), is_clusterer(), and is_outlier_detector() functions in sklearn/base.py are updated to use get_tags(estimator).estimator_type instead of getattr(estimator, '_estimator_type'), with deprecation warnings for passing classes instead of instances. Testing infrastructure is enhanced to support multiple estimator instances (938fa18) and remove _required_parameters (95e9459). The _estimator_has function is consolidated into sklearn/utils/validation.py (8f620fd) removing duplicates from ensemble/_bagging.py and ensemble/_stacking.py. Prerequisites include adding base.is_clusterer() function (e16a6dd) and pipeline fitted checks (4dfbfb9).",0.92,289,2024-05-22T10:29:53+00:00,2024-11-05T20:53:15+00:00,863,548,315,200,89,,sklearn/base.py;sklearn/cluster/_agglomerative.py;sklearn/ensemble/_bagging.py;sklearn/ensemble/_base.py;sklearn/ensemble/_forest.py;sklearn/ensemble/_stacking.py;sklearn/ensemble/_voting.py;sklearn/feature_selection/_from_model.py;sklearn/feature_selection/_rfe.py;sklearn/linear_model/_ridge.py;sklearn/model_selection/_classification_threshold.py;sklearn/model_selection/_search.py;sklearn/pipeline.py;sklearn/semi_supervised/_self_training.py;sklearn/utils/__init__.py;sklearn/utils/_tags.py;sklearn/utils/_test_common/instance_generator.py;sklearn/utils/_testing.py;sklearn/utils/estimator_checks.py;sklearn/utils/validation.py
M04,Move _validate_data to Public API,Breaking,191f969;7c5f13b;a490ab1,"This milestone moves the BaseEstimator._validate_data() method from a protected method to the public utils.validation.validate_data() function, making data validation a first-class public API. Commit 7d0bec5 removes 260+ lines from sklearn/base.py including _validate_data(), _check_n_features(), and _check_feature_names() methods, relocating them to sklearn/utils/validation.py as the public validate_data() function. All estimators are migrated to call validate_data(self, X, y, ...) instead of self._validate_data(X, y, ...). The refactor enables better Array API support for metrics (53ed13c, e7af195) and addresses validation issues with multilabel data (65b2571). Additional validation enhancements include ensure_non_negative parameter (ea6c77b), force_writeable fixes (a490ab1), and Birch copy parameter deprecation (7c5f13b). The milestone includes metadata routing for SelfTrainingClassifier (cef803a) which requires validation updates, isolation forest parallel prediction (191f969), and nearest neighbors enhancements (f3b1da3, d2f1ea7) including NaN metric support and new prediction methods for NearestCentroid. Commit e5075ae fixes IterativeImputer validation indexing.",0.90,149,2024-06-21T08:54:47+00:00,2024-11-05T19:54:44+01:00,2341,1625,716,132,17,,sklearn/base.py;sklearn/cluster/_affinity_propagation.py;sklearn/cluster/_agglomerative.py;sklearn/cluster/_bicluster.py;sklearn/cluster/_birch.py;sklearn/cluster/_bisect_k_means.py;sklearn/cluster/_dbscan.py;sklearn/cluster/_feature_agglomeration.py;sklearn/cluster/_hdbscan/hdbscan.py;sklearn/cluster/_kmeans.py;sklearn/cluster/_mean_shift.py;sklearn/cluster/_optics.py;sklearn/cluster/_spectral.py;sklearn/compose/_column_transformer.py;sklearn/covariance/_empirical_covariance.py;sklearn/covariance/_graph_lasso.py;sklearn/covariance/_robust_covariance.py;sklearn/covariance/_shrunk_covariance.py;sklearn/cross_decomposition/_pls.py;sklearn/decomposition/_base.py;sklearn/decomposition/_dict_learning.py;sklearn/decomposition/_factor_analysis.py;sklearn/decomposition/_fastica.py;sklearn/decomposition/_incremental_pca.py;sklearn/decomposition/_kernel_pca.py;sklearn/decomposition/_lda.py;sklearn/decomposition/_nmf.py;sklearn/decomposition/_pca.py;sklearn/decomposition/_sparse_pca.py;sklearn/decomposition/_truncated_svd.py;sklearn/discriminant_analysis.py;sklearn/dummy.py;sklearn/ensemble/_bagging.py;sklearn/ensemble/_forest.py;sklearn/ensemble/_gb.py;sklearn/ensemble/_hist_gradient_boosting/gradient_boosting.py;sklearn/ensemble/_iforest.py;sklearn/ensemble/_weight_boosting.py;sklearn/feature_extraction/image.py;sklearn/feature_extraction/text.py;sklearn/feature_selection/_base.py;sklearn/feature_selection/_from_model.py;sklearn/feature_selection/_rfe.py;sklearn/feature_selection/_sequential.py;sklearn/feature_selection/_univariate_selection.py;sklearn/feature_selection/_variance_threshold.py;sklearn/gaussian_process/_gpc.py;sklearn/gaussian_process/_gpr.py;sklearn/impute/_base.py;sklearn/impute/_iterative.py;sklearn/impute/_knn.py;sklearn/kernel_approximation.py;sklearn/kernel_ridge.py;sklearn/linear_model/_base.py;sklearn/linear_model/_bayes.py;sklearn/linear_model/_coordinate_descent.py;sklearn/linear_model/_glm/glm.py;sklearn/linear_model/_huber.py;sklearn/linear_model/_least_angle.py;sklearn/linear_model/_logistic.py;sklearn/linear_model/_omp.py;sklearn/linear_model/_quantile.py;sklearn/linear_model/_ransac.py;sklearn/linear_model/_ridge.py;sklearn/linear_model/_stochastic_gradient.py;sklearn/linear_model/_theil_sen.py;sklearn/manifold/_locally_linear.py;sklearn/manifold/_mds.py;sklearn/manifold/_spectral_embedding.py;sklearn/manifold/_t_sne.py;sklearn/metrics/pairwise.py;sklearn/mixture/_base.py;sklearn/model_selection/_search.py;sklearn/model_selection/_search_successive_halving.py;sklearn/multiclass.py;sklearn/multioutput.py;sklearn/naive_bayes.py;sklearn/neighbors/_base.py;sklearn/neighbors/_classification.py;sklearn/neighbors/_kde.py;sklearn/neighbors/_nca.py;sklearn/neighbors/_nearest_centroid.py;sklearn/neural_network/_multilayer_perceptron.py;sklearn/neural_network/_rbm.py;sklearn/preprocessing/_data.py;sklearn/preprocessing/_discretization.py;sklearn/preprocessing/_encoders.py;sklearn/preprocessing/_function_transformer.py;sklearn/preprocessing/_polynomial.py;sklearn/random_projection.py;sklearn/semi_supervised/_label_propagation.py;sklearn/semi_supervised/_self_training.py;sklearn/svm/_base.py;sklearn/svm/_classes.py;sklearn/tree/_classes.py;sklearn/utils/validation.py
M06,Array API Support for Metrics and Preprocessing,Feature,e12f192;9f44f1f;acd2d90;78102fd;08de29d;e4362e5;b461547,"This milestone establishes Array API support for sklearn metrics and preprocessing. It includes: regression metrics (mean_tweedie_deviance, mean_absolute_error, mean_squared_error, d2_tweedie_score), preprocessing (LabelEncoder), pairwise metrics (cosine_similarity), and infrastructure device handling fixes.",0.85,304,2024-05-08T11:21:27+05:00,2024-06-07T14:49:38+05:00,370,300,70,242,62,,sklearn/metrics/_regression.py;sklearn/metrics/pairwise.py;sklearn/preprocessing/_label.py;sklearn/utils/_array_api.py;sklearn/utils/_encode.py
M11,Missing value support for ExtraTree estimators,Feature,dddf2f0,"This milestone adds native missing value (NaN) support to ExtraTreeClassifier and ExtraTreeRegressor in sklearn.tree. The implementation extends the random splitter algorithm to handle missing values during both training and prediction. Missing values are partitioned to either the left or right child node based on which branch contains more samples during training, or randomly assigned during splitting when present. The changes modify sklearn/tree/_splitter.pyx to add NaN handling logic in node_split_random function and DensePartitioner.find_min_max method, sklearn/tree/_classes.py to update the _more_tags method to indicate allow_nan=True for random splitters, and sklearn/ensemble/_iforest.py to enable force_all_finite=False validation. Test coverage ensures that tree-based estimators with random splitters properly handle datasets containing missing values.",0.95,174,2024-07-09T09:54:09+00:00,2024-07-09T09:54:09+00:00,213,184,29,147,27,,sklearn/ensemble/_iforest.py;sklearn/tree/_classes.py;sklearn/tree/_splitter.pyx
M12.1,Infrastructure Foundation Phase 1,Breaking,004cf9e;00a8ae7;0338eec;0d37bd9;0dba98f;0f27a26;102663d;142d824;156ef1b;1bcddcb;1bd9c1d;1c3dcb4;20c7bd0;215be2e;21ab5e1;234260d;25bc29a;2b2e290;2ca4eca;2d6e1be;2f8f9f3;329a1cf;39e1cc1;3b39d7c;3b7734e;3c86573;3c9930b;3d5e243;45ca0a7;34db65a;48eeca6;4bc61a0;4e44ede;546fd5f;55ca335;5080f25;51c8e0e;5692e59;5b6622b;5c28a8e;5cbc419,"Initial infrastructure improvements including documentation, license cleanup, and foundational changes",0.92,2583,2024-05-07T10:45:52+02:00,2024-11-05T19:39:52+00:00,32777,12019,20758,1276,1307,,sklearn/__init__.py;sklearn/_min_dependencies.py;sklearn/base.py;sklearn/calibration.py;sklearn/cluster/__init__.py;sklearn/cluster/_affinity_propagation.py;sklearn/cluster/_agglomerative.py;sklearn/cluster/_bicluster.py;sklearn/cluster/_birch.py;sklearn/cluster/_dbscan.py;sklearn/cluster/_feature_agglomeration.py;sklearn/cluster/_k_means_common.pyx;sklearn/cluster/_kmeans.py;sklearn/cluster/_spectral.py;sklearn/compose/__init__.py;sklearn/compose/_column_transformer.py;sklearn/compose/_target.py;sklearn/conftest.py;sklearn/covariance/__init__.py;sklearn/covariance/_elliptic_envelope.py;sklearn/covariance/_empirical_covariance.py;sklearn/covariance/_graph_lasso.py;sklearn/covariance/_robust_covariance.py;sklearn/covariance/_shrunk_covariance.py;sklearn/cross_decomposition/__init__.py;sklearn/cross_decomposition/_pls.py;sklearn/datasets/__init__.py;sklearn/datasets/_base.py;sklearn/datasets/_california_housing.py;sklearn/datasets/_covtype.py;sklearn/datasets/_lfw.py;sklearn/datasets/_olivetti_faces.py;sklearn/datasets/_rcv1.py;sklearn/datasets/_samples_generator.py;sklearn/datasets/_species_distributions.py;sklearn/datasets/_svmlight_format_fast.pyx;sklearn/datasets/_svmlight_format_io.py;sklearn/datasets/_twenty_newsgroups.py;sklearn/datasets/descr/breast_cancer.rst;sklearn/datasets/descr/california_housing.rst;sklearn/datasets/descr/digits.rst;sklearn/datasets/descr/iris.rst;sklearn/datasets/descr/kddcup99.rst;sklearn/datasets/descr/lfw.rst;sklearn/datasets/descr/linnerud.rst;sklearn/datasets/descr/rcv1.rst;sklearn/datasets/descr/species_distributions.rst;sklearn/datasets/descr/twenty_newsgroups.rst;sklearn/datasets/descr/wine_data.rst;sklearn/decomposition/__init__.py;sklearn/decomposition/_base.py;sklearn/decomposition/_cdnmf_fast.pyx;sklearn/decomposition/_dict_learning.py;sklearn/decomposition/_factor_analysis.py;sklearn/decomposition/_fastica.py;sklearn/decomposition/_incremental_pca.py;sklearn/decomposition/_kernel_pca.py;sklearn/decomposition/_nmf.py;sklearn/decomposition/_pca.py;sklearn/decomposition/_sparse_pca.py;sklearn/discriminant_analysis.py;sklearn/dummy.py;sklearn/ensemble/__init__.py;sklearn/ensemble/_bagging.py;sklearn/ensemble/_base.py;sklearn/ensemble/_forest.py;sklearn/ensemble/_gb.py;sklearn/ensemble/_gradient_boosting.pyx;sklearn/ensemble/_hist_gradient_boosting/binning.py;sklearn/ensemble/_iforest.py;sklearn/ensemble/_stacking.py;sklearn/ensemble/_voting.py;sklearn/ensemble/_weight_boosting.py;sklearn/exceptions.py;sklearn/experimental/__init__.py;sklearn/externals/_scipy/sparse/csgraph/_laplacian.py;sklearn/feature_extraction/__init__.py;sklearn/feature_extraction/_dict_vectorizer.py;sklearn/feature_extraction/_hash.py;sklearn/feature_extraction/_hashing_fast.pyx;sklearn/feature_extraction/image.py;sklearn/feature_extraction/text.py;sklearn/feature_selection/__init__.py;sklearn/feature_selection/_base.py;sklearn/feature_selection/_from_model.py;sklearn/feature_selection/_rfe.py;sklearn/feature_selection/_sequential.py;sklearn/feature_selection/_univariate_selection.py;sklearn/gaussian_process/__init__.py;sklearn/gaussian_process/_gpc.py;sklearn/gaussian_process/_gpr.py;sklearn/gaussian_process/kernels.py;sklearn/impute/__init__.py;sklearn/impute/_base.py;sklearn/impute/_knn.py;sklearn/inspection/__init__.py;sklearn/inspection/_partial_dependence.py;sklearn/isotonic.py;sklearn/kernel_approximation.py;sklearn/kernel_ridge.py;sklearn/linear_model/__init__.py;sklearn/linear_model/_base.py;sklearn/linear_model/_bayes.py;sklearn/linear_model/_cd_fast.pyx;sklearn/linear_model/_coordinate_descent.py;sklearn/linear_model/_glm/__init__.py;sklearn/linear_model/_glm/_newton_solver.py;sklearn/linear_model/_glm/glm.py;sklearn/linear_model/_huber.py;sklearn/linear_model/_least_angle.py;sklearn/linear_model/_omp.py;sklearn/linear_model/_passive_aggressive.py;sklearn/linear_model/_perceptron.py;sklearn/linear_model/_quantile.py;sklearn/linear_model/_ransac.py;sklearn/linear_model/_ridge.py;sklearn/linear_model/_sag.py;sklearn/linear_model/_sgd_fast.pxd;sklearn/linear_model/_stochastic_gradient.py;sklearn/linear_model/_theil_sen.py;sklearn/manifold/__init__.py;sklearn/manifold/_isomap.py;sklearn/manifold/_locally_linear.py;sklearn/manifold/_mds.py;sklearn/manifold/_spectral_embedding.py;sklearn/manifold/_t_sne.py;sklearn/metrics/__init__.py;sklearn/metrics/_base.py;sklearn/metrics/_classification.py;sklearn/metrics/_dist_metrics.pyx.tp;sklearn/metrics/_pairwise_fast.pyx;sklearn/metrics/_ranking.py;sklearn/metrics/_regression.py;sklearn/metrics/_scorer.py;sklearn/metrics/cluster/__init__.py;sklearn/metrics/cluster/_expected_mutual_info_fast.pyx;sklearn/metrics/cluster/_supervised.py;sklearn/metrics/cluster/_unsupervised.py;sklearn/metrics/pairwise.py;sklearn/mixture/__init__.py;sklearn/mixture/_base.py;sklearn/mixture/_bayesian_mixture.py;sklearn/mixture/_gaussian_mixture.py;sklearn/model_selection/__init__.py;sklearn/model_selection/_classification_threshold.py;sklearn/model_selection/_search.py;sklearn/model_selection/_split.py;sklearn/model_selection/_validation.py;sklearn/multiclass.py;sklearn/multioutput.py;sklearn/naive_bayes.py;sklearn/neighbors/__init__.py;sklearn/neighbors/_ball_tree.pyx.tp;sklearn/neighbors/_base.py;sklearn/neighbors/_binary_tree.pxi.tp;sklearn/neighbors/_classification.py;sklearn/neighbors/_graph.py;sklearn/neighbors/_kd_tree.pyx.tp;sklearn/neighbors/_lof.py;sklearn/neighbors/_nca.py;sklearn/neighbors/_nearest_centroid.py;sklearn/neighbors/_regression.py;sklearn/neural_network/__init__.py;sklearn/neural_network/_base.py;sklearn/neural_network/_multilayer_perceptron.py;sklearn/neural_network/_rbm.py;sklearn/neural_network/_stochastic_optimizers.py;sklearn/pipeline.py;sklearn/preprocessing/__init__.py;sklearn/preprocessing/_data.py;sklearn/preprocessing/_discretization.py;sklearn/preprocessing/_encoders.py;sklearn/preprocessing/_label.py;sklearn/random_projection.py;sklearn/semi_supervised/__init__.py;sklearn/semi_supervised/_label_propagation.py;sklearn/semi_supervised/_self_training.py;sklearn/svm/__init__.py;sklearn/svm/_base.py;sklearn/svm/_bounds.py;sklearn/tree/__init__.py;sklearn/tree/_classes.py;sklearn/tree/_criterion.pxd;sklearn/tree/_criterion.pyx;sklearn/tree/_export.py;sklearn/tree/_reingold_tilford.py;sklearn/tree/_splitter.pxd;sklearn/tree/_splitter.pyx;sklearn/tree/_tree.pxd;sklearn/tree/_tree.pyx;sklearn/tree/_utils.pxd;sklearn/tree/_utils.pyx;sklearn/utils/__init__.py;sklearn/utils/_array_api.py;sklearn/utils/_estimator_html_repr.py;sklearn/utils/_fast_dict.pxd;sklearn/utils/_fast_dict.pyx;sklearn/utils/_indexing.py;sklearn/utils/_metadata_requests.py;sklearn/utils/_pprint.py;sklearn/utils/_random.pxd;sklearn/utils/_random.pyx;sklearn/utils/_show_versions.py;sklearn/utils/_testing.py;sklearn/utils/_weight_vector.pyx.tp;sklearn/utils/arrayfuncs.pyx;sklearn/utils/class_weight.py;sklearn/utils/discovery.py;sklearn/utils/estimator_checks.py;sklearn/utils/extmath.py;sklearn/utils/fixes.py;sklearn/utils/graph.py;sklearn/utils/metadata_routing.py;sklearn/utils/metaestimators.py;sklearn/utils/multiclass.py;sklearn/utils/murmurhash.pyx;sklearn/utils/optimize.py;sklearn/utils/parallel.py;sklearn/utils/random.py;sklearn/utils/sparsefuncs.py;sklearn/utils/sparsefuncs_fast.pyx;sklearn/utils/validation.py
M12.2,Infrastructure Foundation Phase 2,Breaking,60e4acd;61281cf;64f20aa;691b00f;69c1d79;6b3f9bd;6de55b3;775587b;77fc72c;7ab1b64;7baa11e;8132683;8133eca;2107404;83da530;87ceec2;8a5d8c3;8ae3ced;8d01acf;8d0b243;8eafd10;9238fe0;938c36b;941ffbd;94d4a33;94f8875;99916c4;99f0f69;9d39f57;a072e56;a4582c0;a63b021;a67ebbe;a9ec347;ab76a90,Continuation of infrastructure improvements including bug fixes and minor enhancements,0.92,1208,2024-05-13T10:38:29+02:00,2024-11-07T14:18:44+01:00,3083,1427,1656,718,490,,sklearn/__init__.py;sklearn/_build_utils/version.py;sklearn/_min_dependencies.py;sklearn/calibration.py;sklearn/cluster/_agglomerative.py;sklearn/cluster/_hdbscan/_linkage.pyx;sklearn/cluster/_hdbscan/_reachability.pyx;sklearn/cluster/_hdbscan/_tree.pyx;sklearn/cluster/_hdbscan/hdbscan.py;sklearn/cluster/_kmeans.py;sklearn/cluster/_optics.py;sklearn/compose/_target.py;sklearn/conftest.py;sklearn/decomposition/_dict_learning.py;sklearn/decomposition/_incremental_pca.py;sklearn/decomposition/_lda.py;sklearn/decomposition/_sparse_pca.py;sklearn/discriminant_analysis.py;sklearn/ensemble/_base.py;sklearn/ensemble/_hist_gradient_boosting/binning.py;sklearn/ensemble/_stacking.py;sklearn/ensemble/_weight_boosting.py;sklearn/feature_extraction/text.py;sklearn/impute/_knn.py;sklearn/linear_model/_logistic.py;sklearn/linear_model/_ridge.py;sklearn/manifold/_mds.py;sklearn/metrics/_classification.py;sklearn/metrics/_pairwise_distances_reduction/_argkmin.pyx.tp;sklearn/metrics/_pairwise_distances_reduction/_argkmin_classmode.pyx.tp;sklearn/metrics/_pairwise_distances_reduction/_radius_neighbors.pyx.tp;sklearn/metrics/_pairwise_distances_reduction/_radius_neighbors_classmode.pyx.tp;sklearn/metrics/cluster/_supervised.py;sklearn/metrics/pairwise.py;sklearn/model_selection/_split.py;sklearn/model_selection/_validation.py;sklearn/neighbors/_nca.py;sklearn/preprocessing/_data.py;sklearn/preprocessing/_function_transformer.py;sklearn/tree/_classes.py;sklearn/tree/_export.py;sklearn/tree/_splitter.pyx;sklearn/tree/_tree.pyx;sklearn/utils/_array_api.py;sklearn/utils/_estimator_html_repr.css;sklearn/utils/_estimator_html_repr.py;sklearn/utils/_metadata_requests.py;sklearn/utils/arrayfuncs.pyx;sklearn/utils/deprecation.py;sklearn/utils/estimator_checks.py;sklearn/utils/extmath.py;sklearn/utils/fixes.py;sklearn/utils/parallel.py;sklearn/utils/validation.py
M12.3,Infrastructure Foundation Phase 3a,Breaking,ab7ff70;abbaed3;af57108;afee65a;b4eef25;b679062;ba2c93b;ba2dd5d;bca3634;bed36b2;bfa0d65,"License standardization, linear model improvements, and code cleanup (partial - some commits removed due to src conflicts)",0.92,448,2024-05-13T11:28:17+00:00,2024-10-30T20:00:13+01:00,3013,1763,1250,231,217,,sklearn/__check_build/__init__.py;sklearn/__init__.py;sklearn/_build_utils/tempita.py;sklearn/_build_utils/version.py;sklearn/_config.py;sklearn/_distributor_init.py;sklearn/_loss/__init__.py;sklearn/_loss/_loss.pxd;sklearn/_loss/_loss.pyx.tp;sklearn/_loss/link.py;sklearn/_loss/loss.py;sklearn/_min_dependencies.py;sklearn/calibration.py;sklearn/cluster/__init__.py;sklearn/cluster/_agglomerative.py;sklearn/cluster/_bisect_k_means.py;sklearn/cluster/_hdbscan/__init__.py;sklearn/cluster/_hdbscan/hdbscan.py;sklearn/cluster/_mean_shift.py;sklearn/cluster/_optics.py;sklearn/compose/__init__.py;sklearn/compose/_column_transformer.py;sklearn/conftest.py;sklearn/covariance/__init__.py;sklearn/covariance/_graph_lasso.py;sklearn/cross_decomposition/__init__.py;sklearn/datasets/__init__.py;sklearn/datasets/_arff_parser.py;sklearn/datasets/_base.py;sklearn/datasets/_kddcup99.py;sklearn/datasets/_openml.py;sklearn/datasets/_svmlight_format_io.py;sklearn/datasets/data/__init__.py;sklearn/datasets/descr/__init__.py;sklearn/datasets/images/__init__.py;sklearn/decomposition/__init__.py;sklearn/decomposition/_base.py;sklearn/decomposition/_kernel_pca.py;sklearn/decomposition/_lda.py;sklearn/decomposition/_truncated_svd.py;sklearn/discriminant_analysis.py;sklearn/ensemble/__init__.py;sklearn/ensemble/_hist_gradient_boosting/__init__.py;sklearn/ensemble/_hist_gradient_boosting/_binning.pyx;sklearn/ensemble/_hist_gradient_boosting/_bitset.pxd;sklearn/ensemble/_hist_gradient_boosting/_bitset.pyx;sklearn/ensemble/_hist_gradient_boosting/_predictor.pyx;sklearn/ensemble/_hist_gradient_boosting/binning.py;sklearn/ensemble/_hist_gradient_boosting/common.pxd;sklearn/ensemble/_hist_gradient_boosting/gradient_boosting.py;sklearn/ensemble/_hist_gradient_boosting/grower.py;sklearn/ensemble/_hist_gradient_boosting/histogram.pyx;sklearn/ensemble/_hist_gradient_boosting/predictor.py;sklearn/ensemble/_hist_gradient_boosting/splitting.pyx;sklearn/ensemble/_hist_gradient_boosting/utils.py;sklearn/exceptions.py;sklearn/experimental/__init__.py;sklearn/experimental/enable_halving_search_cv.py;sklearn/experimental/enable_hist_gradient_boosting.py;sklearn/experimental/enable_iterative_imputer.py;sklearn/feature_extraction/__init__.py;sklearn/feature_extraction/_stop_words.py;sklearn/feature_selection/__init__.py;sklearn/feature_selection/_mutual_info.py;sklearn/feature_selection/_sequential.py;sklearn/feature_selection/_variance_threshold.py;sklearn/impute/__init__.py;sklearn/impute/_iterative.py;sklearn/inspection/__init__.py;sklearn/inspection/_partial_dependence.py;sklearn/inspection/_pd_utils.py;sklearn/inspection/_permutation_importance.py;sklearn/inspection/_plot/__init__.py;sklearn/inspection/_plot/decision_boundary.py;sklearn/inspection/_plot/partial_dependence.py;sklearn/kernel_approximation.py;sklearn/kernel_ridge.py;sklearn/linear_model/__init__.py;sklearn/linear_model/_glm/__init__.py;sklearn/linear_model/_glm/_newton_solver.py;sklearn/linear_model/_glm/glm.py;sklearn/linear_model/_linear_loss.py;sklearn/linear_model/_logistic.py;sklearn/linear_model/_passive_aggressive.py;sklearn/linear_model/_perceptron.py;sklearn/linear_model/_quantile.py;sklearn/linear_model/_sag.py;sklearn/linear_model/_sag_fast.pyx.tp;sklearn/linear_model/_sgd_fast.pxd;sklearn/linear_model/_sgd_fast.pyx.tp;sklearn/linear_model/_stochastic_gradient.py;sklearn/linear_model/meson.build;sklearn/manifold/__init__.py;sklearn/manifold/_isomap.py;sklearn/manifold/_mds.py;sklearn/metrics/__init__.py;sklearn/metrics/_classification.py;sklearn/metrics/_dist_metrics.pyx.tp;sklearn/metrics/_pairwise_distances_reduction/__init__.py;sklearn/metrics/_pairwise_distances_reduction/_dispatcher.py;sklearn/metrics/_pairwise_distances_reduction/_radius_neighbors_classmode.pyx.tp;sklearn/metrics/_plot/__init__.py;sklearn/metrics/_plot/confusion_matrix.py;sklearn/metrics/_plot/det_curve.py;sklearn/metrics/_plot/precision_recall_curve.py;sklearn/metrics/_plot/regression.py;sklearn/metrics/_plot/roc_curve.py;sklearn/metrics/_ranking.py;sklearn/metrics/_scorer.py;sklearn/metrics/cluster/__init__.py;sklearn/metrics/cluster/_bicluster.py;sklearn/metrics/pairwise.py;sklearn/mixture/__init__.py;sklearn/model_selection/__init__.py;sklearn/model_selection/_classification_threshold.py;sklearn/model_selection/_plot.py;sklearn/model_selection/_search.py;sklearn/model_selection/_search_successive_halving.py;sklearn/model_selection/_validation.py;sklearn/naive_bayes.py;sklearn/neighbors/__init__.py;sklearn/neighbors/_base.py;sklearn/neighbors/_classification.py;sklearn/neighbors/_graph.py;sklearn/neighbors/_kde.py;sklearn/neighbors/_regression.py;sklearn/neighbors/_unsupervised.py;sklearn/neural_network/__init__.py;sklearn/preprocessing/__init__.py;sklearn/preprocessing/_csr_polynomial_expansion.pyx;sklearn/preprocessing/_data.py;sklearn/preprocessing/_function_transformer.py;sklearn/preprocessing/_polynomial.py;sklearn/preprocessing/_target_encoder.py;sklearn/semi_supervised/__init__.py;sklearn/semi_supervised/_label_propagation.py;sklearn/svm/_base.py;sklearn/svm/_classes.py;sklearn/tree/__init__.py;sklearn/tree/_export.py;sklearn/utils/__init__.py;sklearn/utils/_arpack.py;sklearn/utils/_array_api.py;sklearn/utils/_available_if.py;sklearn/utils/_bunch.py;sklearn/utils/_chunking.py;sklearn/utils/_encode.py;sklearn/utils/_estimator_html_repr.py;sklearn/utils/_fast_dict.pxd;sklearn/utils/_indexing.py;sklearn/utils/_joblib.py;sklearn/utils/_mask.py;sklearn/utils/_missing.py;sklearn/utils/_mocking.py;sklearn/utils/_optional_dependencies.py;sklearn/utils/_param_validation.py;sklearn/utils/_plotting.py;sklearn/utils/_pprint.py;sklearn/utils/_random.pyx;sklearn/utils/_response.py;sklearn/utils/_set_output.py;sklearn/utils/_show_versions.py;sklearn/utils/_tags.py;sklearn/utils/_testing.py;sklearn/utils/_user_interface.py;sklearn/utils/deprecation.py;sklearn/utils/discovery.py;sklearn/utils/estimator_checks.py;sklearn/utils/fixes.py;sklearn/utils/metaestimators.py;sklearn/utils/optimize.py;sklearn/utils/parallel.py;sklearn/utils/random.py;sklearn/utils/sparsefuncs.py;sklearn/utils/stats.py;sklearn/utils/validation.py
M12.4,Infrastructure Foundation Phase 3b,Breaking,c0e07cf;c44457a;c55d064;c807092;cc00420;cef803a;d083972;d840f36;dc1cad2;e02daf5;e2a42a8,"Testing framework modernization, metadata routing, and additional improvements (partial - some commits removed due to src conflicts)",0.92,703,2024-05-13T11:43:52+02:00,2024-10-29T13:09:26+00:00,1977,1238,739,454,249,,sklearn/__check_build/__init__.py;sklearn/_loss/_loss.pyx.tp;sklearn/base.py;sklearn/cluster/_agglomerative.py;sklearn/cluster/_birch.py;sklearn/cluster/_mean_shift.py;sklearn/compose/_column_transformer.py;sklearn/conftest.py;sklearn/covariance/_shrunk_covariance.py;sklearn/datasets/_base.py;sklearn/datasets/_samples_generator.py;sklearn/decomposition/_dict_learning.py;sklearn/decomposition/_fastica.py;sklearn/decomposition/_sparse_pca.py;sklearn/ensemble/_base.py;sklearn/ensemble/_gradient_boosting.pyx;sklearn/ensemble/_hist_gradient_boosting/gradient_boosting.py;sklearn/feature_selection/_from_model.py;sklearn/isotonic.py;sklearn/linear_model/_base.py;sklearn/linear_model/_coordinate_descent.py;sklearn/linear_model/_glm/glm.py;sklearn/linear_model/_least_angle.py;sklearn/linear_model/_omp.py;sklearn/linear_model/_quantile.py;sklearn/linear_model/_ridge.py;sklearn/linear_model/_sag_fast.pyx.tp;sklearn/linear_model/_sgd_fast.pyx.tp;sklearn/manifold/_mds.py;sklearn/meson.build;sklearn/metrics/_classification.py;sklearn/metrics/_ranking.py;sklearn/metrics/_regression.py;sklearn/metrics/cluster/_bicluster.py;sklearn/metrics/cluster/_supervised.py;sklearn/metrics/cluster/_unsupervised.py;sklearn/model_selection/_classification_threshold.py;sklearn/model_selection/_search.py;sklearn/model_selection/_search_successive_halving.py;sklearn/model_selection/_validation.py;sklearn/pipeline.py;sklearn/preprocessing/_label.py;sklearn/preprocessing/_target_encoder.py;sklearn/random_projection.py;sklearn/semi_supervised/_self_training.py;sklearn/utils/_pprint.py;sklearn/utils/_seq_dataset.pxd.tp;sklearn/utils/_seq_dataset.pyx.tp;sklearn/utils/_test_common/__init__.py;sklearn/utils/_test_common/instance_generator.py;sklearn/utils/_weight_vector.pxd.tp;sklearn/utils/_weight_vector.pyx.tp;sklearn/utils/deprecation.py;sklearn/utils/estimator_checks.py;sklearn/utils/extmath.py
M12.5,Tags System and Validation Phase 4a (Partial),Breaking,e2ee931;e5ed851;e617d82;e749dd9;e796d0a;e887583;e9c3942;edfb690;eec6ef0;ef6efef,"This milestone contains partial implementation from the original tags system revamp. Working commits include: VotingRegressor implementation (e2ee931), FixedThresholdClassifier prefit (e5ed851), metadata routing cleanup (e617d82), Ridge CV metadata routing (e749dd9), MeanShift convergence fix (e796d0a), Polars example docs (e825502), deprecation cleanup (e887583), ColumnTransformer cleanup (e9c3942), SequentialFeatureSelector docs (edfb690), IterativeImputer skip fix (eec6ef0), and check_array writeable parameter (ef6efef). Some commits excluded due to src conflicts.",0.80,391,2024-05-17T10:13:51+02:00,2024-11-06T18:32:20-05:00,1000,700,300,314,77,,sklearn/ensemble/_voting.py;sklearn/model_selection/_classification_threshold.py;sklearn/cluster/_mean_shift.py;sklearn/compose/_column_transformer.py;sklearn/feature_selection/_sequential.py;sklearn/impute/_iterative.py;sklearn/utils/validation.py;sklearn/linear_model/_ridge.py
M13,Documentation and Testing Updates,Docs,019e953;08961de;09781c5;0a2ca15;0e0033a;199322d;1e3c7be;1fa3c75;1fd6ca9;25cb305;30cf4a0;30f7d8a;325930e;35f106c;379a2f1;3a25c38;3ca9fc1;3cda5b2;429d67a;4400917;48ef3ba;49c5948;4bdd398;4dc7dbb;5301c94;59a0b41;5ca2f4f;5e5cc34;635d83f;6418b5f;695213a;6d9d09a;70a84ea;7183224;75ae2c5;783d72f;7ac4f89;7f33294;83417fb;8346da3;8d53479;910e150;934df30;945273d;97c3f3a;9a6b7d6;9a7fe96;9f518b2;ac96119;b3c213b;b5131b4;b6fe78f;b868a5d;bdba1da;c4e4d34;c6777b6;c7c05d6;c82ffc8;c901cae;ce2d74c;d2acd79;dc74526;e769e44;ede02b4;f977661;fa14001;fb9f0b9;fbb32ea;fde6f2d;febf190;025d4b0;7c44713;9870b52;d36039a;f106177,"This milestone covers documentation improvements and testing updates including API docstring updates, user guide additions, example gallery enhancements, what's new changelog entries, test case additions, and test fixture improvements.",0.85,655,2024-05-06T16:57:39+02:00,2024-11-07T13:51:42+01:00,2454,1355,1099,461,194,,sklearn/_min_dependencies.py;sklearn/calibration.py;sklearn/cluster/_affinity_propagation.py;sklearn/cluster/_agglomerative.py;sklearn/cluster/_bicluster.py;sklearn/cluster/_birch.py;sklearn/cluster/_bisect_k_means.py;sklearn/cluster/_dbscan.py;sklearn/cluster/_hdbscan/_reachability.pyx;sklearn/cluster/_hdbscan/hdbscan.py;sklearn/cluster/_kmeans.py;sklearn/cluster/_mean_shift.py;sklearn/cluster/_optics.py;sklearn/cluster/_spectral.py;sklearn/covariance/_graph_lasso.py;sklearn/datasets/_base.py;sklearn/datasets/_lfw.py;sklearn/datasets/_samples_generator.py;sklearn/datasets/_species_distributions.py;sklearn/datasets/descr/species_distributions.rst;sklearn/decomposition/_lda.py;sklearn/ensemble/_forest.py;sklearn/ensemble/_gb.py;sklearn/ensemble/_stacking.py;sklearn/ensemble/_weight_boosting.py;sklearn/feature_selection/_rfe.py;sklearn/gaussian_process/_gpc.py;sklearn/gaussian_process/_gpr.py;sklearn/impute/_knn.py;sklearn/inspection/_plot/decision_boundary.py;sklearn/linear_model/_cd_fast.pyx;sklearn/linear_model/_coordinate_descent.py;sklearn/linear_model/_least_angle.py;sklearn/linear_model/_logistic.py;sklearn/linear_model/_ransac.py;sklearn/linear_model/_ridge.py;sklearn/linear_model/_stochastic_gradient.py;sklearn/manifold/_locally_linear.py;sklearn/metrics/_classification.py;sklearn/metrics/_regression.py;sklearn/metrics/cluster/_bicluster.py;sklearn/metrics/cluster/_supervised.py;sklearn/metrics/pairwise.py;sklearn/model_selection/_classification_threshold.py;sklearn/model_selection/_search.py;sklearn/model_selection/_split.py;sklearn/model_selection/_validation.py;sklearn/neighbors/_nearest_centroid.py;sklearn/neighbors/_regression.py;sklearn/neural_network/_multilayer_perceptron.py;sklearn/pipeline.py;sklearn/svm/_classes.py;sklearn/tree/_classes.py;sklearn/utils/_metadata_requests.py;sklearn/utils/_testing.py;sklearn/utils/extmath.py;sklearn/utils/sparsefuncs_fast.pyx
M17,Performance Optimizations,Feature,88c2db2;9590c07;eb29207,"This milestone collects performance optimizations across sklearn including memory usage improvements in manifold learning (sparse matrices), covariance estimation speedups (MinCovDet), and classification report optimizations. These changes improve computational efficiency without changing functionality.",0.85,206,2024-06-27T14:45:49+00:00,2024-09-16T10:45:55+02:00,224,183,41,165,41,,sklearn/covariance/_robust_covariance.py;sklearn/manifold/_locally_linear.py;sklearn/metrics/_classification.py;sklearn/utils/_array_api.py;sklearn/utils/multiclass.py
