id,title,category,commits,src_loc,start_time,end_time,loc,additions,deletions,src_additions,src_deletions,touched_test_files,touched_src_files
milestone_G01_48bca0a,Custom Completion Refactoring from Expression to Signature,Quality,71baeff;aeb5178;48bca0a,303,2025-07-24T14:21:58-04:00,2025-07-25T19:57:00-04:00,909,462,447,159,144,,crates/nu-cli/src/completions/completer.rs;crates/nu-engine/src/documentation.rs;crates/nu-engine/src/scope.rs;crates/nu-parser/src/flatten.rs;crates/nu-parser/src/parse_keywords.rs;crates/nu-parser/src/parse_shape_specs.rs;crates/nu-parser/src/parser.rs;crates/nu-protocol/src/ast/expression.rs;crates/nu-protocol/src/signature.rs;crates/nu-protocol/src/syntax_shape.rs
milestone_G01_d96dbbd,Command-wide Completions System,Feature,d96dbbd;8229ccb;abb52df;ed2d6bf,1073,2025-09-12T14:54:39-04:00,2025-10-12T17:35:51-04:00,1129,732,397,704,369,,crates/nu-cli/src/completions/command_completions.rs;crates/nu-cli/src/completions/completer.rs;crates/nu-cli/src/completions/custom_completions.rs;crates/nu-cli/src/completions/dotnu_completions.rs;crates/nu-cli/src/completions/file_completions.rs;crates/nu-cli/src/completions/mod.rs;crates/nu-cmd-lang/src/core_commands/attr/complete.rs;crates/nu-cmd-lang/src/core_commands/attr/mod.rs;crates/nu-cmd-lang/src/default_context.rs;crates/nu-engine/src/scope.rs;crates/nu-lsp/src/completion.rs;crates/nu-parser/src/parse_keywords.rs;crates/nu-protocol/src/ast/traverse.rs;crates/nu-protocol/src/signature.rs
milestone_G02_da9615f,Parse-time Pipeline Type Checking for Multiple Output Types,Quality,da9615f,186,2025-08-02T09:35:25+08:00,2025-08-02T09:35:25+08:00,186,104,82,104,82,tests/repl/test_type_check.rs,crates/nu-command/src/conversions/into/datetime.rs;crates/nu-command/src/conversions/into/duration.rs;crates/nu-engine/src/eval_ir.rs;crates/nu-parser/src/type_check.rs;crates/nu-protocol/src/errors/parse_error.rs;crates/nu-protocol/src/ty.rs
milestone_G02_0f505d0,Type Detection Command Redesign,Feature,0f505d0;c4eca64,1405,2025-09-23T18:19:14+02:00,2025-10-07T18:19:26+03:00,1417,754,663,748,657,,crates/nu-cmd-extra/src/extra/filters/update_cells.rs;crates/nu-command/src/conversions/into/value.rs;crates/nu-command/src/default_context.rs;crates/nu-command/src/filesystem/save.rs;crates/nu-command/src/generators/seq_date.rs;crates/nu-command/src/math/abs.rs;crates/nu-command/src/math/ceil.rs;crates/nu-command/src/math/floor.rs;crates/nu-command/src/math/log.rs;crates/nu-command/src/math/round.rs;crates/nu-command/src/math/sqrt.rs;crates/nu-command/src/strings/detect_type.rs;crates/nu-command/src/strings/mod.rs;crates/nu_plugin_polars/src/dataframe/command/datetime/as_datetime.rs;crates/nu_plugin_polars/src/dataframe/command/datetime/replace_time_zone.rs;crates/nu_plugin_polars/src/dataframe/values/nu_dtype/mod.rs;src/command_context.rs
milestone_G04_1ddae02,Query XML Multiple Output Types and Enhanced Nodeset Formatting,Breaking,1ddae02;aea3309;778601b;258a7f6,451,2025-08-18T06:34:57-05:00,2025-08-19T16:39:30-05:00,493,417,76,396,55,,crates/nu_plugin_query/src/query_xml.rs
milestone_G05_ac3f93f,Format Bits Output Changed to Big Endian,Breaking,ac3f93f;e92ca01,76,2025-08-21T10:27:39-04:00,2025-09-05T16:52:30-05:00,84,69,15,65,11,,crates/nu-cmd-extra/src/extra/strings/format/bits.rs
milestone_G05_0b8531e,Well-Optimized String Types Infrastructure,Maintenance,0b8531e;a08e1f6;05a8c46,1002,2025-08-16T18:01:38+02:00,2025-09-07T23:33:08+03:00,1037,851,186,816,186,,crates/nu-protocol/src/pipeline/byte_stream.rs;crates/nu-protocol/src/value/mod.rs;crates/nu-utils/Cargo.toml;crates/nu-utils/src/lib.rs;crates/nu-utils/src/multilife.rs;crates/nu-utils/src/nu_cow.rs;crates/nu-utils/src/split_read.rs;crates/nu-utils/src/strings/mod.rs;crates/nu-utils/src/strings/shared.rs;crates/nu-utils/src/strings/unique.rs
milestone_G05_08822b5,Introduction of MCP Server Support,Feature,08822b5;b07f227;455b797;8352cf7;146d1f4;d9f877d;e0c11f5;da141be,1015,2025-09-24T08:45:52-07:00,2025-10-15T13:46:40+02:00,1678,1300,378,822,193,,crates/nu-cli/Cargo.toml;crates/nu-cmd-base/Cargo.toml;crates/nu-cmd-extra/Cargo.toml;crates/nu-cmd-lang/Cargo.toml;crates/nu-cmd-plugin/Cargo.toml;crates/nu-color-config/Cargo.toml;crates/nu-command/Cargo.toml;crates/nu-derive-value/Cargo.toml;crates/nu-engine/Cargo.toml;crates/nu-experimental/Cargo.toml;crates/nu-explore/Cargo.toml;crates/nu-glob/Cargo.toml;crates/nu-json/Cargo.toml;crates/nu-lsp/Cargo.toml;crates/nu-mcp/Cargo.toml;crates/nu-mcp/README.md;crates/nu-mcp/src/evaluation.rs;crates/nu-mcp/src/lib.rs;crates/nu-mcp/src/server.rs;crates/nu-parser/Cargo.toml;crates/nu-path/Cargo.toml;crates/nu-plugin-core/Cargo.toml;crates/nu-plugin-engine/Cargo.toml;crates/nu-plugin-protocol/Cargo.toml;crates/nu-plugin-test-support/Cargo.toml;crates/nu-plugin/Cargo.toml;crates/nu-pretty-hex/Cargo.toml;crates/nu-protocol/Cargo.toml;crates/nu-std/Cargo.toml;crates/nu-system/Cargo.toml;crates/nu-table/Cargo.toml;crates/nu-term-grid/Cargo.toml;crates/nu-test-support/Cargo.toml;crates/nu-utils/Cargo.toml;crates/nu-utils/src/default_files/default_config.nu;crates/nu-utils/src/default_files/default_env.nu;crates/nu-utils/src/default_files/doc_config.nu;crates/nu-utils/src/default_files/doc_env.nu;crates/nu-utils/src/default_files/scaffold_config.nu;crates/nu-utils/src/default_files/scaffold_env.nu;crates/nu_plugin_custom_values/Cargo.toml;crates/nu_plugin_example/Cargo.toml;crates/nu_plugin_formats/Cargo.toml;crates/nu_plugin_gstat/Cargo.toml;crates/nu_plugin_inc/Cargo.toml;crates/nu_plugin_nu_example/nu_plugin_nu_example.nu;crates/nu_plugin_polars/Cargo.toml;crates/nu_plugin_python/nu_plugin_python_example.py;crates/nu_plugin_query/Cargo.toml;crates/nu_plugin_stress_internals/Cargo.toml;crates/nuon/Cargo.toml;src/command.rs;src/main.rs
milestone_G05_be6e868,LSP Testing Code Refactoring,Quality,5ce9c38;be6e868;46be984;d1a8249,3036,2025-08-19T17:15:14+08:00,2025-09-18T15:55:17+08:00,3132,1093,2039,1044,1992,tests/fixtures/lsp/completion/var.nu;tests/fixtures/lsp/goto/use_module.nu,crates/nu-lsp/Cargo.toml;crates/nu-lsp/src/completion.rs;crates/nu-lsp/src/diagnostics.rs;crates/nu-lsp/src/goto.rs;crates/nu-lsp/src/hints.rs;crates/nu-lsp/src/hover.rs;crates/nu-lsp/src/lib.rs;crates/nu-lsp/src/notification.rs;crates/nu-lsp/src/semantic_tokens.rs;crates/nu-lsp/src/signature.rs;crates/nu-lsp/src/symbols.rs;crates/nu-lsp/src/workspace.rs
milestone_M01_deps,Dependency Version Bumps,Maintenance,968273b;58b6ad7;12318c6;9029f92;f102448;b4b1fb1;19d4f00;eecb4dd;0ec5d39;b3bec50;007b223,90,2025-08-27T14:49:12+02:00,2025-10-11T16:42:14+02:00,512,309,203,45,45,,crates/nu-cmd-lang/Cargo.toml;crates/nu-command/src/bytes/add.rs;crates/nu-command/src/conversions/into/filesize.rs;crates/nu-command/src/database/values/sqlite.rs;crates/nu-command/src/formats/to/xml.rs;crates/nu-command/src/network/http/client.rs;crates/nu-command/src/strings/format/date.rs;crates/nu-command/src/strings/guess_width.rs;crates/nu-command/src/viewers/table.rs;crates/nu-pretty-hex/Cargo.toml;crates/nu-protocol/Cargo.toml;crates/nu-protocol/src/errors/parse_warning.rs;crates/nu-protocol/src/errors/shell_warning.rs;crates/nu-system/src/windows.rs;crates/nu-test-support/src/macros.rs;crates/nu_plugin_formats/Cargo.toml;crates/nu_plugin_polars/Cargo.toml;crates/nu_plugin_query/Cargo.toml
milestone_M02_parser,Parser Bug Fixes and Improvements,Quality,4e56cd5;e56879e;343e5cf;3877bfb;cd35ace;2e9d77c;d8c15b5,296,2025-08-06T22:17:58+03:00,2025-09-21T22:13:41+03:00,296,177,119,177,119,tests/repl/test_parser.rs,crates/nu-parser/src/lex.rs;crates/nu-parser/src/parse_keywords.rs;crates/nu-parser/src/parser.rs
milestone_M03_polars,Polars Plugin Updates and Fixes,Feature,e15e3ec;015de56;1dc09f8;9ebb02d;2bc71fb;db28e27,4195,2025-08-27T13:53:34-07:00,2025-10-06T17:14:29-07:00,4558,2571,1987,2327,1868,,crates/nu-cli/src/commands/history/history_.rs;crates/nu-cli/src/commands/history/history_import.rs;crates/nu-cli/src/commands/history/history_session.rs;crates/nu-cli/src/commands/keybindings_default.rs;crates/nu-cli/src/commands/keybindings_list.rs;crates/nu-cli/src/commands/keybindings_listen.rs;crates/nu-cli/src/completions/completion_options.rs;crates/nu-cli/src/nu_highlight.rs;crates/nu-cli/src/print.rs;crates/nu-cli/src/prompt.rs;crates/nu-cmd-extra/src/extra/bits/and.rs;crates/nu-cmd-extra/src/extra/bits/not.rs;crates/nu-cmd-extra/src/extra/bits/or.rs;crates/nu-cmd-extra/src/extra/bits/rotate_left.rs;crates/nu-cmd-extra/src/extra/bits/rotate_right.rs;crates/nu-cmd-extra/src/extra/bits/shift_left.rs;crates/nu-cmd-extra/src/extra/bits/shift_right.rs;crates/nu-cmd-extra/src/extra/bits/xor.rs;crates/nu-cmd-extra/src/extra/filters/each_while.rs;crates/nu-cmd-extra/src/extra/filters/roll/roll_down.rs;crates/nu-cmd-extra/src/extra/filters/roll/roll_left.rs;crates/nu-cmd-extra/src/extra/filters/roll/roll_right.rs;crates/nu-cmd-extra/src/extra/filters/roll/roll_up.rs;crates/nu-cmd-extra/src/extra/filters/rotate.rs;crates/nu-cmd-extra/src/extra/filters/update_cells.rs;crates/nu-cmd-extra/src/extra/formats/from/url.rs;crates/nu-cmd-extra/src/extra/formats/to/html.rs;crates/nu-cmd-extra/src/extra/math/arccos.rs;crates/nu-cmd-extra/src/extra/math/arccosh.rs;crates/nu-cmd-extra/src/extra/math/arcsin.rs;crates/nu-cmd-extra/src/extra/math/arcsinh.rs;crates/nu-cmd-extra/src/extra/math/arctan.rs;crates/nu-cmd-extra/src/extra/math/arctanh.rs;crates/nu-cmd-extra/src/extra/math/cos.rs;crates/nu-cmd-extra/src/extra/math/cosh.rs;crates/nu-cmd-extra/src/extra/math/exp.rs;crates/nu-cmd-extra/src/extra/math/ln.rs;crates/nu-cmd-extra/src/extra/math/sin.rs;crates/nu-cmd-extra/src/extra/math/sinh.rs;crates/nu-cmd-extra/src/extra/math/tan.rs;crates/nu-cmd-extra/src/extra/math/tanh.rs;crates/nu-cmd-extra/src/extra/platform/ansi/gradient.rs;crates/nu-cmd-extra/src/extra/strings/encode_decode/decode_hex.rs;crates/nu-cmd-extra/src/extra/strings/encode_decode/encode_hex.rs;crates/nu-cmd-extra/src/extra/strings/format/bits.rs;crates/nu-cmd-extra/src/extra/strings/format/command.rs;crates/nu-cmd-extra/src/extra/strings/format/number.rs;crates/nu-cmd-extra/src/extra/strings/str_/case/camel_case.rs;crates/nu-cmd-extra/src/extra/strings/str_/case/kebab_case.rs;crates/nu-cmd-extra/src/extra/strings/str_/case/pascal_case.rs;crates/nu-cmd-extra/src/extra/strings/str_/case/screaming_snake_case.rs;crates/nu-cmd-extra/src/extra/strings/str_/case/snake_case.rs;crates/nu-cmd-extra/src/extra/strings/str_/case/title_case.rs;crates/nu-cmd-lang/src/core_commands/alias.rs;crates/nu-cmd-lang/src/core_commands/attr/category.rs;crates/nu-cmd-lang/src/core_commands/attr/deprecated.rs;crates/nu-cmd-lang/src/core_commands/attr/example.rs;crates/nu-cmd-lang/src/core_commands/attr/search_terms.rs;crates/nu-cmd-lang/src/core_commands/break_.rs;crates/nu-cmd-lang/src/core_commands/collect.rs;crates/nu-cmd-lang/src/core_commands/const_.rs;crates/nu-cmd-lang/src/core_commands/continue_.rs;crates/nu-cmd-lang/src/core_commands/def.rs;crates/nu-cmd-lang/src/core_commands/describe.rs;crates/nu-cmd-lang/src/core_commands/do_.rs;crates/nu-cmd-lang/src/core_commands/echo.rs;crates/nu-cmd-lang/src/core_commands/error_make.rs;crates/nu-cmd-lang/src/core_commands/export.rs;crates/nu-cmd-lang/src/core_commands/export_alias.rs;crates/nu-cmd-lang/src/core_commands/export_const.rs;crates/nu-cmd-lang/src/core_commands/export_def.rs;crates/nu-cmd-lang/src/core_commands/export_extern.rs;crates/nu-cmd-lang/src/core_commands/export_module.rs;crates/nu-cmd-lang/src/core_commands/export_use.rs;crates/nu-cmd-lang/src/core_commands/extern_.rs;crates/nu-cmd-lang/src/core_commands/for_.rs;crates/nu-cmd-lang/src/core_commands/hide.rs;crates/nu-cmd-lang/src/core_commands/hide_env.rs;crates/nu-cmd-lang/src/core_commands/if_.rs;crates/nu-cmd-lang/src/core_commands/ignore.rs;crates/nu-cmd-lang/src/core_commands/let_.rs;crates/nu-cmd-lang/src/core_commands/loop_.rs;crates/nu-cmd-lang/src/core_commands/match_.rs;crates/nu-cmd-lang/src/core_commands/module.rs;crates/nu-cmd-lang/src/core_commands/mut_.rs;crates/nu-cmd-lang/src/core_commands/overlay/hide.rs;crates/nu-cmd-lang/src/core_commands/overlay/list.rs;crates/nu-cmd-lang/src/core_commands/overlay/new.rs;crates/nu-cmd-lang/src/core_commands/overlay/use_.rs;crates/nu-cmd-lang/src/core_commands/return_.rs;crates/nu-cmd-lang/src/core_commands/scope/aliases.rs;crates/nu-cmd-lang/src/core_commands/scope/commands.rs;crates/nu-cmd-lang/src/core_commands/scope/engine_stats.rs;crates/nu-cmd-lang/src/core_commands/scope/externs.rs;crates/nu-cmd-lang/src/core_commands/scope/modules.rs;crates/nu-cmd-lang/src/core_commands/scope/variables.rs;crates/nu-cmd-lang/src/core_commands/try_.rs;crates/nu-cmd-lang/src/core_commands/use_.rs;crates/nu-cmd-lang/src/core_commands/version.rs;crates/nu-cmd-lang/src/core_commands/while_.rs;crates/nu-cmd-plugin/src/commands/plugin/add.rs;crates/nu-cmd-plugin/src/commands/plugin/list.rs;crates/nu-cmd-plugin/src/commands/plugin/mod.rs;crates/nu-cmd-plugin/src/commands/plugin/rm.rs;crates/nu-cmd-plugin/src/commands/plugin/stop.rs;crates/nu-cmd-plugin/src/commands/plugin/use_.rs;crates/nu-command/src/bytes/add.rs;crates/nu-command/src/bytes/at.rs;crates/nu-command/src/bytes/build_.rs;crates/nu-command/src/bytes/collect.rs;crates/nu-command/src/bytes/ends_with.rs;crates/nu-command/src/bytes/index_of.rs;crates/nu-command/src/bytes/length.rs;crates/nu-command/src/bytes/remove.rs;crates/nu-command/src/bytes/replace.rs;crates/nu-command/src/bytes/reverse.rs;crates/nu-command/src/bytes/split.rs;crates/nu-command/src/bytes/starts_with.rs;crates/nu-command/src/charting/histogram.rs;crates/nu-command/src/conversions/fill.rs;crates/nu-command/src/conversions/into/binary.rs;crates/nu-command/src/conversions/into/bool.rs;crates/nu-command/src/conversions/into/cell_path.rs;crates/nu-command/src/conversions/into/datetime.rs;crates/nu-command/src/conversions/into/duration.rs;crates/nu-command/src/conversions/into/filesize.rs;crates/nu-command/src/conversions/into/float.rs;crates/nu-command/src/conversions/into/glob.rs;crates/nu-command/src/conversions/into/int.rs;crates/nu-command/src/conversions/into/record.rs;crates/nu-command/src/conversions/into/string.rs;crates/nu-command/src/conversions/into/value.rs;crates/nu-command/src/conversions/split_cell_path.rs;crates/nu-command/src/database/commands/into_sqlite.rs;crates/nu-command/src/database/commands/query_db.rs;crates/nu-command/src/database/commands/schema.rs;crates/nu-command/src/date/from_human.rs;crates/nu-command/src/date/humanize.rs;crates/nu-command/src/date/list_timezone.rs;crates/nu-command/src/date/now.rs;crates/nu-command/src/date/to_timezone.rs;crates/nu-command/src/debug/ast.rs;crates/nu-command/src/debug/debug_.rs;crates/nu-command/src/debug/env.rs;crates/nu-command/src/debug/explain.rs;crates/nu-command/src/debug/info.rs;crates/nu-command/src/debug/inspect.rs;crates/nu-command/src/debug/metadata.rs;crates/nu-command/src/debug/metadata_access.rs;crates/nu-command/src/debug/metadata_set.rs;crates/nu-command/src/debug/profile.rs;crates/nu-command/src/debug/timeit.rs;crates/nu-command/src/debug/view_blocks.rs;crates/nu-command/src/debug/view_files.rs;crates/nu-command/src/debug/view_source.rs;crates/nu-command/src/debug/view_span.rs;crates/nu-command/src/env/config/config_env.rs;crates/nu-command/src/env/config/config_flatten.rs;crates/nu-command/src/env/config/config_nu.rs;crates/nu-command/src/env/config/config_reset.rs;crates/nu-command/src/env/export_env.rs;crates/nu-command/src/env/load_env.rs;crates/nu-command/src/env/source_env.rs;crates/nu-command/src/env/with_env.rs;crates/nu-command/src/experimental/is_admin.rs;crates/nu-command/src/experimental/job_flush.rs;crates/nu-command/src/experimental/job_id.rs;crates/nu-command/src/experimental/job_kill.rs;crates/nu-command/src/experimental/job_list.rs;crates/nu-command/src/experimental/job_recv.rs;crates/nu-command/src/experimental/job_send.rs;crates/nu-command/src/experimental/job_spawn.rs;crates/nu-command/src/experimental/job_tag.rs;crates/nu-command/src/experimental/job_unfreeze.rs;crates/nu-command/src/filesystem/cd.rs;crates/nu-command/src/filesystem/du.rs;crates/nu-command/src/filesystem/glob.rs;crates/nu-command/src/filesystem/ls.rs;crates/nu-command/src/filesystem/mktemp.rs;crates/nu-command/src/filesystem/open.rs;crates/nu-command/src/filesystem/rm.rs;crates/nu-command/src/filesystem/save.rs;crates/nu-command/src/filesystem/start.rs;crates/nu-command/src/filesystem/ucp.rs;crates/nu-command/src/filesystem/umkdir.rs;crates/nu-command/src/filesystem/umv.rs;crates/nu-command/src/filesystem/utouch.rs;crates/nu-command/src/filesystem/watch.rs;crates/nu-command/src/filters/all.rs;crates/nu-command/src/filters/any.rs;crates/nu-command/src/filters/append.rs;crates/nu-command/src/filters/chunk_by.rs;crates/nu-command/src/filters/chunks.rs;crates/nu-command/src/filters/columns.rs;crates/nu-command/src/filters/compact.rs;crates/nu-command/src/filters/default.rs;crates/nu-command/src/filters/drop/column.rs;crates/nu-command/src/filters/drop/drop_.rs;crates/nu-command/src/filters/drop/nth.rs;crates/nu-command/src/filters/each.rs;crates/nu-command/src/filters/enumerate.rs;crates/nu-command/src/filters/every.rs;crates/nu-command/src/filters/filter.rs;crates/nu-command/src/filters/find.rs;crates/nu-command/src/filters/first.rs;crates/nu-command/src/filters/flatten.rs;crates/nu-command/src/filters/get.rs;crates/nu-command/src/filters/group_by.rs;crates/nu-command/src/filters/headers.rs;crates/nu-command/src/filters/insert.rs;crates/nu-command/src/filters/interleave.rs;crates/nu-command/src/filters/is_empty.rs;crates/nu-command/src/filters/is_not_empty.rs;crates/nu-command/src/filters/items.rs;crates/nu-command/src/filters/join.rs;crates/nu-command/src/filters/last.rs;crates/nu-command/src/filters/length.rs;crates/nu-command/src/filters/lines.rs;crates/nu-command/src/filters/merge/deep.rs;crates/nu-command/src/filters/merge/merge_.rs;crates/nu-command/src/filters/move_.rs;crates/nu-command/src/filters/par_each.rs;crates/nu-command/src/filters/prepend.rs;crates/nu-command/src/filters/reduce.rs;crates/nu-command/src/filters/reject.rs;crates/nu-command/src/filters/rename.rs;crates/nu-command/src/filters/reverse.rs;crates/nu-command/src/filters/select.rs;crates/nu-command/src/filters/shuffle.rs;crates/nu-command/src/filters/skip/skip_.rs;crates/nu-command/src/filters/skip/skip_until.rs;crates/nu-command/src/filters/skip/skip_while.rs;crates/nu-command/src/filters/slice.rs;crates/nu-command/src/filters/sort.rs;crates/nu-command/src/filters/sort_by.rs;crates/nu-command/src/filters/take/take_.rs;crates/nu-command/src/filters/take/take_until.rs;crates/nu-command/src/filters/take/take_while.rs;crates/nu-command/src/filters/tee.rs;crates/nu-command/src/filters/transpose.rs;crates/nu-command/src/filters/uniq.rs;crates/nu-command/src/filters/uniq_by.rs;crates/nu-command/src/filters/update.rs;crates/nu-command/src/filters/upsert.rs;crates/nu-command/src/filters/values.rs;crates/nu-command/src/filters/where_.rs;crates/nu-command/src/filters/window.rs;crates/nu-command/src/filters/wrap.rs;crates/nu-command/src/filters/zip.rs;crates/nu-command/src/formats/from/csv.rs;crates/nu-command/src/formats/from/json.rs;crates/nu-command/src/formats/from/msgpack.rs;crates/nu-command/src/formats/from/nuon.rs;crates/nu-command/src/formats/from/ods.rs;crates/nu-command/src/formats/from/ssv.rs;crates/nu-command/src/formats/from/toml.rs;crates/nu-command/src/formats/from/tsv.rs;crates/nu-command/src/formats/from/xlsx.rs;crates/nu-command/src/formats/from/xml.rs;crates/nu-command/src/formats/from/yaml.rs;crates/nu-command/src/formats/to/csv.rs;crates/nu-command/src/formats/to/json.rs;crates/nu-command/src/formats/to/md.rs;crates/nu-command/src/formats/to/msgpack.rs;crates/nu-command/src/formats/to/nuon.rs;crates/nu-command/src/formats/to/text.rs;crates/nu-command/src/formats/to/toml.rs;crates/nu-command/src/formats/to/tsv.rs;crates/nu-command/src/formats/to/xml.rs;crates/nu-command/src/formats/to/yaml.rs;crates/nu-command/src/generators/cal.rs;crates/nu-command/src/generators/generate.rs;crates/nu-command/src/generators/seq.rs;crates/nu-command/src/generators/seq_char.rs;crates/nu-command/src/generators/seq_date.rs;crates/nu-command/src/help/help_.rs;crates/nu-command/src/help/help_aliases.rs;crates/nu-command/src/help/help_externs.rs;crates/nu-command/src/help/help_modules.rs;crates/nu-command/src/math/abs.rs;crates/nu-command/src/math/avg.rs;crates/nu-command/src/math/ceil.rs;crates/nu-command/src/math/floor.rs;crates/nu-command/src/math/log.rs;crates/nu-command/src/math/max.rs;crates/nu-command/src/math/median.rs;crates/nu-command/src/math/min.rs;crates/nu-command/src/math/mode.rs;crates/nu-command/src/math/product.rs;crates/nu-command/src/math/round.rs;crates/nu-command/src/math/sqrt.rs;crates/nu-command/src/math/stddev.rs;crates/nu-command/src/math/sum.rs;crates/nu-command/src/math/variance.rs;crates/nu-command/src/misc/panic.rs;crates/nu-command/src/misc/source.rs;crates/nu-command/src/misc/tutor.rs;crates/nu-command/src/network/http/delete.rs;crates/nu-command/src/network/http/get.rs;crates/nu-command/src/network/http/head.rs;crates/nu-command/src/network/http/http_.rs;crates/nu-command/src/network/http/options.rs;crates/nu-command/src/network/http/patch.rs;crates/nu-command/src/network/http/post.rs;crates/nu-command/src/network/http/put.rs;crates/nu-command/src/network/port.rs;crates/nu-command/src/network/url/build_query.rs;crates/nu-command/src/network/url/decode.rs;crates/nu-command/src/network/url/encode.rs;crates/nu-command/src/network/url/join.rs;crates/nu-command/src/network/url/parse.rs;crates/nu-command/src/network/url/query.rs;crates/nu-command/src/network/url/split_query.rs;crates/nu-command/src/network/version_check.rs;crates/nu-command/src/path/basename.rs;crates/nu-command/src/path/dirname.rs;crates/nu-command/src/path/exists.rs;crates/nu-command/src/path/expand.rs;crates/nu-command/src/path/join.rs;crates/nu-command/src/path/parse.rs;crates/nu-command/src/path/relative_to.rs;crates/nu-command/src/path/self_.rs;crates/nu-command/src/path/split.rs;crates/nu-command/src/path/type.rs;crates/nu-command/src/platform/clear.rs;crates/nu-command/src/platform/input/input_.rs;crates/nu-command/src/platform/input/input_listen.rs;crates/nu-command/src/platform/input/list.rs;crates/nu-command/src/platform/input/reedline_prompt.rs;crates/nu-command/src/platform/is_terminal.rs;crates/nu-command/src/platform/kill.rs;crates/nu-command/src/platform/sleep.rs;crates/nu-command/src/platform/term/term_query.rs;crates/nu-command/src/platform/term/term_size.rs;crates/nu-command/src/platform/ulimit.rs;crates/nu-command/src/platform/whoami.rs;crates/nu-command/src/random/binary.rs;crates/nu-command/src/random/bool.rs;crates/nu-command/src/random/chars.rs;crates/nu-command/src/random/dice.rs;crates/nu-command/src/random/float.rs;crates/nu-command/src/random/int.rs;crates/nu-command/src/random/uuid.rs;crates/nu-command/src/shells/exit.rs;crates/nu-command/src/stor/create.rs;crates/nu-command/src/stor/delete.rs;crates/nu-command/src/stor/export.rs;crates/nu-command/src/stor/import.rs;crates/nu-command/src/stor/insert.rs;crates/nu-command/src/stor/open.rs;crates/nu-command/src/stor/reset.rs;crates/nu-command/src/stor/update.rs;crates/nu-command/src/strings/ansi/ansi_.rs;crates/nu-command/src/strings/ansi/link.rs;crates/nu-command/src/strings/ansi/strip.rs;crates/nu-command/src/strings/base/base32.rs;crates/nu-command/src/strings/base/base32hex.rs;crates/nu-command/src/strings/base/base64.rs;crates/nu-command/src/strings/base/hex.rs;crates/nu-command/src/strings/char_.rs;crates/nu-command/src/strings/detect_columns.rs;crates/nu-command/src/strings/encode_decode/decode.rs;crates/nu-command/src/strings/encode_decode/encode.rs;crates/nu-command/src/strings/format/date.rs;crates/nu-command/src/strings/format/duration.rs;crates/nu-command/src/strings/format/filesize.rs;crates/nu-command/src/strings/parse.rs;crates/nu-command/src/strings/split/chars.rs;crates/nu-command/src/strings/split/column.rs;crates/nu-command/src/strings/split/list.rs;crates/nu-command/src/strings/split/row.rs;crates/nu-command/src/strings/split/words.rs;crates/nu-command/src/strings/str_/case/capitalize.rs;crates/nu-command/src/strings/str_/case/downcase.rs;crates/nu-command/src/strings/str_/case/upcase.rs;crates/nu-command/src/strings/str_/contains.rs;crates/nu-command/src/strings/str_/distance.rs;crates/nu-command/src/strings/str_/ends_with.rs;crates/nu-command/src/strings/str_/expand.rs;crates/nu-command/src/strings/str_/index_of.rs;crates/nu-command/src/strings/str_/join.rs;crates/nu-command/src/strings/str_/length.rs;crates/nu-command/src/strings/str_/replace.rs;crates/nu-command/src/strings/str_/reverse.rs;crates/nu-command/src/strings/str_/starts_with.rs;crates/nu-command/src/strings/str_/stats.rs;crates/nu-command/src/strings/str_/substring.rs;crates/nu-command/src/strings/str_/trim/trim_.rs;crates/nu-command/src/system/complete.rs;crates/nu-command/src/system/exec.rs;crates/nu-command/src/system/nu_check.rs;crates/nu-command/src/system/ps.rs;crates/nu-command/src/system/registry_query.rs;crates/nu-command/src/system/run_external.rs;crates/nu-command/src/system/sys/cpu.rs;crates/nu-command/src/system/sys/disks.rs;crates/nu-command/src/system/sys/host.rs;crates/nu-command/src/system/sys/mem.rs;crates/nu-command/src/system/sys/net.rs;crates/nu-command/src/system/sys/sys_.rs;crates/nu-command/src/system/sys/temp.rs;crates/nu-command/src/system/sys/users.rs;crates/nu-command/src/system/uname.rs;crates/nu-command/src/system/which_.rs;crates/nu-command/src/viewers/griddle.rs;crates/nu-command/src/viewers/table.rs;crates/nu-explore/src/explore.rs;crates/nu-parser/src/known_external.rs;crates/nu-path/src/components.rs;crates/nu-path/src/trailing_slash.rs;crates/nu-plugin-core/src/communication_mode/local_socket/mod.rs;crates/nu-plugin-core/src/interface/stream/mod.rs;crates/nu-plugin-engine/src/declaration.rs;crates/nu-plugin-engine/src/process.rs;crates/nu-plugin-test-support/src/lib.rs;crates/nu-plugin/src/plugin/command.rs;crates/nu-pretty-hex/src/pretty_hex.rs;crates/nu-protocol/src/engine/command.rs;crates/nu-protocol/src/engine/engine_state.rs;crates/nu-protocol/src/engine/stack.rs;crates/nu-protocol/src/signature.rs;crates/nu-protocol/src/value/mod.rs;crates/nu-protocol/src/value/record.rs;crates/nu-utils/src/deansi.rs;crates/nu_plugin_custom_values/src/generate.rs;crates/nu_plugin_custom_values/src/generate2.rs;crates/nu_plugin_custom_values/src/update.rs;crates/nu_plugin_example/src/commands/collect_bytes.rs;crates/nu_plugin_example/src/commands/echo.rs;crates/nu_plugin_example/src/commands/for_each.rs;crates/nu_plugin_example/src/commands/generate.rs;crates/nu_plugin_example/src/commands/one.rs;crates/nu_plugin_example/src/commands/seq.rs;crates/nu_plugin_example/src/commands/sum.rs;crates/nu_plugin_example/src/commands/view_span.rs;crates/nu_plugin_formats/src/from/eml.rs;crates/nu_plugin_formats/src/from/ics.rs;crates/nu_plugin_formats/src/from/ini.rs;crates/nu_plugin_formats/src/from/plist.rs;crates/nu_plugin_formats/src/from/vcf.rs;crates/nu_plugin_formats/src/to/plist.rs;crates/nu_plugin_polars/Cargo.toml;crates/nu_plugin_polars/src/cache/get.rs;crates/nu_plugin_polars/src/cache/list.rs;crates/nu_plugin_polars/src/cache/mod.rs;crates/nu_plugin_polars/src/cache/rm.rs;crates/nu_plugin_polars/src/cloud/mod.rs;crates/nu_plugin_polars/src/dataframe/command/aggregation/agg_groups.rs;crates/nu_plugin_polars/src/dataframe/command/aggregation/aggregate.rs;crates/nu_plugin_polars/src/dataframe/command/aggregation/count.rs;crates/nu_plugin_polars/src/dataframe/command/aggregation/cumulative.rs;crates/nu_plugin_polars/src/dataframe/command/aggregation/groupby.rs;crates/nu_plugin_polars/src/dataframe/command/aggregation/horizontal.rs;crates/nu_plugin_polars/src/dataframe/command/aggregation/implode.rs;crates/nu_plugin_polars/src/dataframe/command/aggregation/max.rs;crates/nu_plugin_polars/src/dataframe/command/aggregation/mean.rs;crates/nu_plugin_polars/src/dataframe/command/aggregation/median.rs;crates/nu_plugin_polars/src/dataframe/command/aggregation/min.rs;crates/nu_plugin_polars/src/dataframe/command/aggregation/n_null.rs;crates/nu_plugin_polars/src/dataframe/command/aggregation/n_unique.rs;crates/nu_plugin_polars/src/dataframe/command/aggregation/over.rs;crates/nu_plugin_polars/src/dataframe/command/aggregation/quantile.rs;crates/nu_plugin_polars/src/dataframe/command/aggregation/rolling.rs;crates/nu_plugin_polars/src/dataframe/command/aggregation/std.rs;crates/nu_plugin_polars/src/dataframe/command/aggregation/sum.rs;crates/nu_plugin_polars/src/dataframe/command/aggregation/value_counts.rs;crates/nu_plugin_polars/src/dataframe/command/aggregation/var.rs;crates/nu_plugin_polars/src/dataframe/command/boolean/all_false.rs;crates/nu_plugin_polars/src/dataframe/command/boolean/all_true.rs;crates/nu_plugin_polars/src/dataframe/command/boolean/arg_true.rs;crates/nu_plugin_polars/src/dataframe/command/boolean/expr_not.rs;crates/nu_plugin_polars/src/dataframe/command/boolean/is_duplicated.rs;crates/nu_plugin_polars/src/dataframe/command/boolean/is_in.rs;crates/nu_plugin_polars/src/dataframe/command/boolean/is_not_null.rs;crates/nu_plugin_polars/src/dataframe/command/boolean/is_null.rs;crates/nu_plugin_polars/src/dataframe/command/boolean/is_unique.rs;crates/nu_plugin_polars/src/dataframe/command/boolean/not.rs;crates/nu_plugin_polars/src/dataframe/command/boolean/otherwise.rs;crates/nu_plugin_polars/src/dataframe/command/boolean/set.rs;crates/nu_plugin_polars/src/dataframe/command/boolean/when.rs;crates/nu_plugin_polars/src/dataframe/command/computation/math.rs;crates/nu_plugin_polars/src/dataframe/command/core/cache.rs;crates/nu_plugin_polars/src/dataframe/command/core/columns.rs;crates/nu_plugin_polars/src/dataframe/command/core/fetch.rs;crates/nu_plugin_polars/src/dataframe/command/core/mod.rs;crates/nu_plugin_polars/src/dataframe/command/core/open.rs;crates/nu_plugin_polars/src/dataframe/command/core/profile.rs;crates/nu_plugin_polars/src/dataframe/command/core/resource.rs;crates/nu_plugin_polars/src/dataframe/command/core/save/arrow.rs;crates/nu_plugin_polars/src/dataframe/command/core/save/avro.rs;crates/nu_plugin_polars/src/dataframe/command/core/save/csv.rs;crates/nu_plugin_polars/src/dataframe/command/core/save/mod.rs;crates/nu_plugin_polars/src/dataframe/command/core/save/ndjson.rs;crates/nu_plugin_polars/src/dataframe/command/core/save/parquet.rs;crates/nu_plugin_polars/src/dataframe/command/core/schema.rs;crates/nu_plugin_polars/src/dataframe/command/core/shape.rs;crates/nu_plugin_polars/src/dataframe/command/core/summary.rs;crates/nu_plugin_polars/src/dataframe/command/core/to_df.rs;crates/nu_plugin_polars/src/dataframe/command/core/to_dtype.rs;crates/nu_plugin_polars/src/dataframe/command/core/to_lazy.rs;crates/nu_plugin_polars/src/dataframe/command/core/to_nu.rs;crates/nu_plugin_polars/src/dataframe/command/core/to_repr.rs;crates/nu_plugin_polars/src/dataframe/command/core/to_schema.rs;crates/nu_plugin_polars/src/dataframe/command/data/alias.rs;crates/nu_plugin_polars/src/dataframe/command/data/append.rs;crates/nu_plugin_polars/src/dataframe/command/data/arg_where.rs;crates/nu_plugin_polars/src/dataframe/command/data/cast.rs;crates/nu_plugin_polars/src/dataframe/command/data/col.rs;crates/nu_plugin_polars/src/dataframe/command/data/collect.rs;crates/nu_plugin_polars/src/dataframe/command/data/concat.rs;crates/nu_plugin_polars/src/dataframe/command/data/cut.rs;crates/nu_plugin_polars/src/dataframe/command/data/drop.rs;crates/nu_plugin_polars/src/dataframe/command/data/drop_duplicates.rs;crates/nu_plugin_polars/src/dataframe/command/data/drop_nulls.rs;crates/nu_plugin_polars/src/dataframe/command/data/dummies.rs;crates/nu_plugin_polars/src/dataframe/command/data/explode.rs;crates/nu_plugin_polars/src/dataframe/command/data/fill_nan.rs;crates/nu_plugin_polars/src/dataframe/command/data/fill_null.rs;crates/nu_plugin_polars/src/dataframe/command/data/filter.rs;crates/nu_plugin_polars/src/dataframe/command/data/filter_with.rs;crates/nu_plugin_polars/src/dataframe/command/data/first.rs;crates/nu_plugin_polars/src/dataframe/command/data/flatten.rs;crates/nu_plugin_polars/src/dataframe/command/data/get.rs;crates/nu_plugin_polars/src/dataframe/command/data/join.rs;crates/nu_plugin_polars/src/dataframe/command/data/join_where.rs;crates/nu_plugin_polars/src/dataframe/command/data/last.rs;crates/nu_plugin_polars/src/dataframe/command/data/len.rs;crates/nu_plugin_polars/src/dataframe/command/data/lit.rs;crates/nu_plugin_polars/src/dataframe/command/data/pivot.rs;crates/nu_plugin_polars/src/dataframe/command/data/qcut.rs;crates/nu_plugin_polars/src/dataframe/command/data/query_df.rs;crates/nu_plugin_polars/src/dataframe/command/data/rename.rs;crates/nu_plugin_polars/src/dataframe/command/data/replace.rs;crates/nu_plugin_polars/src/dataframe/command/data/reverse.rs;crates/nu_plugin_polars/src/dataframe/command/data/sample.rs;crates/nu_plugin_polars/src/dataframe/command/data/select.rs;crates/nu_plugin_polars/src/dataframe/command/data/shift.rs;crates/nu_plugin_polars/src/dataframe/command/data/slice.rs;crates/nu_plugin_polars/src/dataframe/command/data/sort_by_expr.rs;crates/nu_plugin_polars/src/dataframe/command/data/struct_json_encode.rs;crates/nu_plugin_polars/src/dataframe/command/data/take.rs;crates/nu_plugin_polars/src/dataframe/command/data/unique.rs;crates/nu_plugin_polars/src/dataframe/command/data/unnest.rs;crates/nu_plugin_polars/src/dataframe/command/data/unpivot.rs;crates/nu_plugin_polars/src/dataframe/command/data/with_column.rs;crates/nu_plugin_polars/src/dataframe/command/datetime/as_date.rs;crates/nu_plugin_polars/src/dataframe/command/datetime/as_datetime.rs;crates/nu_plugin_polars/src/dataframe/command/datetime/convert_time_zone.rs;crates/nu_plugin_polars/src/dataframe/command/datetime/datepart.rs;crates/nu_plugin_polars/src/dataframe/command/datetime/get_day.rs;crates/nu_plugin_polars/src/dataframe/command/datetime/get_hour.rs;crates/nu_plugin_polars/src/dataframe/command/datetime/get_minute.rs;crates/nu_plugin_polars/src/dataframe/command/datetime/get_month.rs;crates/nu_plugin_polars/src/dataframe/command/datetime/get_nanosecond.rs;crates/nu_plugin_polars/src/dataframe/command/datetime/get_ordinal.rs;crates/nu_plugin_polars/src/dataframe/command/datetime/get_second.rs;crates/nu_plugin_polars/src/dataframe/command/datetime/get_week.rs;crates/nu_plugin_polars/src/dataframe/command/datetime/get_weekday.rs;crates/nu_plugin_polars/src/dataframe/command/datetime/get_year.rs;crates/nu_plugin_polars/src/dataframe/command/datetime/replace_time_zone.rs;crates/nu_plugin_polars/src/dataframe/command/datetime/strftime.rs;crates/nu_plugin_polars/src/dataframe/command/datetime/truncate.rs;crates/nu_plugin_polars/src/dataframe/command/index/arg_max.rs;crates/nu_plugin_polars/src/dataframe/command/index/arg_min.rs;crates/nu_plugin_polars/src/dataframe/command/index/arg_sort.rs;crates/nu_plugin_polars/src/dataframe/command/index/arg_unique.rs;crates/nu_plugin_polars/src/dataframe/command/index/set_with_idx.rs;crates/nu_plugin_polars/src/dataframe/command/integer/to_decimal.rs;crates/nu_plugin_polars/src/dataframe/command/integer/to_integer.rs;crates/nu_plugin_polars/src/dataframe/command/list/contains.rs;crates/nu_plugin_polars/src/dataframe/command/string/concat_str.rs;crates/nu_plugin_polars/src/dataframe/command/string/contains.rs;crates/nu_plugin_polars/src/dataframe/command/string/str_join.rs;crates/nu_plugin_polars/src/dataframe/command/string/str_lengths.rs;crates/nu_plugin_polars/src/dataframe/command/string/str_replace.rs;crates/nu_plugin_polars/src/dataframe/command/string/str_replace_all.rs;crates/nu_plugin_polars/src/dataframe/command/string/str_slice.rs;crates/nu_plugin_polars/src/dataframe/command/string/str_split.rs;crates/nu_plugin_polars/src/dataframe/command/string/str_strip_chars.rs;crates/nu_plugin_polars/src/dataframe/command/string/to_lowercase.rs;crates/nu_plugin_polars/src/dataframe/command/string/to_uppercase.rs;crates/nu_plugin_polars/src/dataframe/utils.rs;crates/nu_plugin_polars/src/dataframe/values/mod.rs;crates/nu_plugin_polars/src/dataframe/values/nu_dataframe/conversion.rs;crates/nu_plugin_polars/src/dataframe/values/nu_dataframe/custom_value.rs;crates/nu_plugin_polars/src/dataframe/values/nu_dtype/custom_value.rs;crates/nu_plugin_polars/src/dataframe/values/nu_dtype/mod.rs;crates/nu_plugin_polars/src/dataframe/values/nu_expression/custom_value.rs;crates/nu_plugin_polars/src/dataframe/values/nu_expression/mod.rs;crates/nu_plugin_polars/src/dataframe/values/nu_lazyframe/custom_value.rs;crates/nu_plugin_polars/src/dataframe/values/nu_lazygroupby/custom_value.rs;crates/nu_plugin_polars/src/dataframe/values/nu_schema/custom_value.rs;crates/nu_plugin_polars/src/dataframe/values/nu_when/custom_value.rs;crates/nu_plugin_polars/src/dataframe/values/utils.rs;crates/nu_plugin_query/src/query_json.rs;crates/nu_plugin_query/src/query_web.rs;crates/nu_plugin_query/src/query_webpage_info.rs;crates/nu_plugin_query/src/query_xml.rs;crates/nu_plugin_query/src/web_tables.rs;src/command.rs
milestone_M04_std,Standard Library Enhancements,Feature,f015409;8c2af99;fcdc7f3;e6d673c;4ead4ce;91e72ae;2f7f000;d4bfe05,247,2025-08-04T20:36:28+02:00,2025-09-08T21:44:41+02:00,251,208,43,206,41,,crates/nu-command/src/random/dice.rs;crates/nu-std/src/lib.rs;crates/nu-std/std-rfc/mod.nu;crates/nu-std/std-rfc/random/mod.nu;crates/nu-std/std-rfc/str/mod.nu;crates/nu-std/std/bench/mod.nu;crates/nu-std/std/help/mod.nu;crates/nu-std/std/mod.nu;crates/nu-std/std/random/mod.nu
milestone_M07_refactor,Code Refactoring and Cleanup,Maintenance,daf52ba;afa33e2;0f9052f;f21fd3b,666,2025-08-14T02:11:05+03:00,2025-10-09T13:31:53+03:00,746,457,289,443,223,tests/integration/mod.rs;tests/parsing/mod.rs;tests/shell/mod.rs;tests/shell/pipeline/commands/external.rs;tests/shell/pipeline/commands/internal.rs,crates/nu-cli/src/repl.rs;crates/nu-command/src/env/config/config_.rs;crates/nu-command/src/env/config/config_env.rs;crates/nu-command/src/env/config/config_nu.rs;crates/nu-command/src/env/config/config_reset.rs;crates/nu-protocol/src/casing.rs;crates/nu-protocol/src/value/record.rs;crates/nu-test-support/src/lib.rs;crates/nu-test-support/src/macros.rs;crates/nu-utils/src/lib.rs;crates/nu-utils/src/utils.rs;src/config_files.rs;src/run.rs
milestone_M08_docs,Documentation and Help Improvements,Quality,7cc1a86;7133a04;da54ed8;cd1094c;e115306;218e70a,206,2025-08-03T13:27:03+02:00,2025-09-11T18:02:08-05:00,206,126,80,126,80,,crates/nu-cli/src/print.rs;crates/nu-command/src/strings/format/filesize.rs;crates/nu-engine/src/documentation.rs;crates/nu-parser/src/parser.rs;crates/nu-protocol/src/engine/engine_state.rs;crates/nu-protocol/src/eval_const.rs;crates/nu-protocol/src/signature.rs;crates/nu_plugin_query/Cargo.toml;crates/nu_plugin_query/src/query_json.rs;src/main.rs
milestone_M09_datetime,Date Time and Format Specifiers,Feature,040a4ee;21a54d4,103,2025-08-18T08:19:05-04:00,2025-09-19T03:12:41-05:00,103,73,30,73,30,,crates/nu-command/src/conversions/into/datetime.rs;crates/nu-command/src/date/utils.rs;crates/nu-command/src/strings/format/date.rs;crates/nu-std/std-rfc/kv/mod.nu
milestone_core_development.1,Foundation Infrastructure Part A,Feature,3e37922;f33d952;a473e3e;b4038fe;4eb43a0;5a7d906;4245c67;459f3c0;c4dfaca;28a796d;5478bdf;d54de7d;4e90eed;e8579a9;75a8a2c;3c83ea7;26464fc;c9c067a;41e718f;06fa178;9090431;2b2575f;dfbd980;c75e7bf;bf83756;63ff98d;ac01a64,2199,2025-07-27T21:27:35+02:00,2025-10-10T19:39:06-04:00,2881,1848,1033,1344,855,tests/repl/test_parser.rs;tests/repl/test_spread.rs;tests/repl/test_type_check.rs;tests/scope/mod.rs,crates/nu-cli/src/completions/completer.rs;crates/nu-cli/src/completions/custom_completions.rs;crates/nu-cli/src/reedline_config.rs;crates/nu-cmd-extra/src/example_test.rs;crates/nu-cmd-extra/src/extra/bits/rotate_left.rs;crates/nu-cmd-extra/src/extra/bits/rotate_right.rs;crates/nu-cmd-extra/src/extra/bits/shift_left.rs;crates/nu-cmd-extra/src/extra/bits/shift_right.rs;crates/nu-cmd-extra/src/extra/formats/to/html.rs;crates/nu-cmd-extra/src/lib.rs;crates/nu-command/Cargo.toml;crates/nu-command/src/conversions/into/string.rs;crates/nu-command/src/database/commands/into_sqlite.rs;crates/nu-command/src/database/commands/query_db.rs;crates/nu-command/src/database/values/definitions/db_schema.rs;crates/nu-command/src/database/values/definitions/mod.rs;crates/nu-command/src/database/values/sqlite.rs;crates/nu-command/src/experimental/job_recv.rs;crates/nu-command/src/experimental/job_send.rs;crates/nu-command/src/filesystem/mktemp.rs;crates/nu-command/src/filesystem/ucp.rs;crates/nu-command/src/filesystem/umkdir.rs;crates/nu-command/src/filesystem/umv.rs;crates/nu-command/src/filesystem/util.rs;crates/nu-command/src/filesystem/utouch.rs;crates/nu-command/src/filesystem/watch.rs;crates/nu-command/src/filters/compact.rs;crates/nu-command/src/formats/from/json.rs;crates/nu-command/src/formats/from/mod.rs;crates/nu-command/src/math/median.rs;crates/nu-command/src/network/http/client.rs;crates/nu-command/src/network/http/delete.rs;crates/nu-command/src/network/http/get.rs;crates/nu-command/src/network/http/head.rs;crates/nu-command/src/network/http/http_.rs;crates/nu-command/src/network/http/mod.rs;crates/nu-command/src/network/http/options.rs;crates/nu-command/src/network/http/patch.rs;crates/nu-command/src/network/http/post.rs;crates/nu-command/src/network/http/put.rs;crates/nu-command/src/network/http/timeout_extractor_reader.rs;crates/nu-command/src/network/port.rs;crates/nu-command/src/network/tls/impl_rustls.rs;crates/nu-command/src/platform/input/input_.rs;crates/nu-command/src/platform/ulimit.rs;crates/nu-command/src/platform/whoami.rs;crates/nu-command/src/stor/create.rs;crates/nu-command/src/stor/insert.rs;crates/nu-command/src/stor/update.rs;crates/nu-command/src/system/uname.rs;crates/nu-command/src/viewers/table.rs;crates/nu-engine/src/compile/mod.rs;crates/nu-engine/src/eval_ir.rs;crates/nu-engine/src/scope.rs;crates/nu-parser/src/parser.rs;crates/nu-path/src/path.rs;crates/nu-pretty-hex/src/pretty_hex.rs;crates/nu-protocol/src/ast/call.rs;crates/nu-protocol/src/config/table.rs;crates/nu-protocol/src/deprecation.rs;crates/nu-protocol/src/errors/parse_warning.rs;crates/nu-protocol/src/errors/shell_error/io.rs;crates/nu-protocol/src/errors/shell_warning.rs;crates/nu-protocol/src/eval_base.rs;crates/nu-protocol/src/ir/call.rs;crates/nu-protocol/src/ty.rs;crates/nu-protocol/src/value/filesize.rs;crates/nu-protocol/src/value/into_value.rs;crates/nu-protocol/src/value/mod.rs;crates/nu-std/std/util/mod.nu;crates/nu-system/src/netbsd.rs;crates/nu-term-grid/src/grid.rs;crates/nu-utils/src/default_files/doc_config.nu
milestone_core_development.2,Nushell Core Reliability and Observable Shell State,Feature,eb8d2d3;57dce8a;4d4813b;9f4c3a1;4f9c077;5b0800a;c4fcd54;d4cd93d;ce38775;10d1bec;abeb787;378404e;7e8b09b;fd4a042;68c8c6c;d528bb7;2e4900f;dd664e3;a7410ee;89c0e32;5f623b7;c13b43b;f8698a6;2b70d27;3a82c6c;038f8f8;d565c9e;c921ead;ca0e961,2234,2025-07-25T03:28:24+08:00,2025-08-25T09:45:47-04:00,2435,1624,811,1523,711,tests/repl/test_commandline.rs;tests/repl/test_parser.rs;tests/repl/test_ranges.rs;tests/overlays/mod.rs,crates/nu-cli/Cargo.toml;crates/nu-cli/src/commands/commandline/edit.rs;crates/nu-cli/src/commands/history/history_.rs;crates/nu-cli/src/commands/history/history_import.rs;crates/nu-cli/src/completions/operator_completions.rs;crates/nu-cli/src/completions/variable_completions.rs;crates/nu-cli/src/config_files.rs;crates/nu-cli/src/prompt_update.rs;crates/nu-cli/src/reedline_config.rs;crates/nu-cli/src/repl.rs;crates/nu-cmd-base/Cargo.toml;crates/nu-cmd-base/src/wrap_call.rs;crates/nu-cmd-extra/Cargo.toml;crates/nu-cmd-extra/src/extra/filters/each_while.rs;crates/nu-cmd-extra/src/extra/formats/from/url.rs;crates/nu-cmd-extra/src/extra/strings/format/bits.rs;crates/nu-cmd-extra/src/extra/strings/format/command.rs;crates/nu-cmd-lang/Cargo.toml;crates/nu-cmd-lang/src/core_commands/do_.rs;crates/nu-cmd-lang/src/core_commands/for_.rs;crates/nu-cmd-plugin/Cargo.toml;crates/nu-cmd-plugin/src/commands/plugin/stop.rs;crates/nu-color-config/Cargo.toml;crates/nu-color-config/src/nu_style.rs;crates/nu-command/Cargo.toml;crates/nu-command/src/bytes/at.rs;crates/nu-command/src/bytes/collect.rs;crates/nu-command/src/conversions/into/binary.rs;crates/nu-command/src/conversions/into/string.rs;crates/nu-command/src/database/commands/schema.rs;crates/nu-command/src/debug/debug_.rs;crates/nu-command/src/debug/env.rs;crates/nu-command/src/debug/experimental_options.rs;crates/nu-command/src/env/config/config_.rs;crates/nu-command/src/env/config/config_reset.rs;crates/nu-command/src/env/config/config_use_colors.rs;crates/nu-command/src/filesystem/mktemp.rs;crates/nu-command/src/filesystem/open.rs;crates/nu-command/src/filesystem/rm.rs;crates/nu-command/src/filesystem/save.rs;crates/nu-command/src/filesystem/start.rs;crates/nu-command/src/filesystem/watch.rs;crates/nu-command/src/filters/chunk_by.rs;crates/nu-command/src/filters/chunks.rs;crates/nu-command/src/filters/columns.rs;crates/nu-command/src/filters/default.rs;crates/nu-command/src/filters/drop/column.rs;crates/nu-command/src/filters/each.rs;crates/nu-command/src/filters/empty.rs;crates/nu-command/src/filters/find.rs;crates/nu-command/src/filters/first.rs;crates/nu-command/src/filters/get.rs;crates/nu-command/src/filters/insert.rs;crates/nu-command/src/filters/interleave.rs;crates/nu-command/src/filters/items.rs;crates/nu-command/src/filters/join.rs;crates/nu-command/src/filters/last.rs;crates/nu-command/src/filters/lines.rs;crates/nu-command/src/filters/par_each.rs;crates/nu-command/src/filters/reduce.rs;crates/nu-command/src/filters/skip/skip_.rs;crates/nu-command/src/filters/slice.rs;crates/nu-command/src/filters/take/take_.rs;crates/nu-command/src/filters/tee.rs;crates/nu-command/src/filters/transpose.rs;crates/nu-command/src/filters/update.rs;crates/nu-command/src/filters/upsert.rs;crates/nu-command/src/filters/values.rs;crates/nu-command/src/filters/window.rs;crates/nu-command/src/filters/wrap.rs;crates/nu-command/src/filters/zip.rs;crates/nu-command/src/formats/from/delimited.rs;crates/nu-command/src/formats/from/json.rs;crates/nu-command/src/formats/from/ods.rs;crates/nu-command/src/formats/from/xlsx.rs;crates/nu-command/src/formats/to/delimited.rs;crates/nu-command/src/formats/to/json.rs;crates/nu-command/src/formats/to/text.rs;crates/nu-command/src/generators/generate.rs;crates/nu-command/src/help/help_.rs;crates/nu-command/src/help/help_operators.rs;crates/nu-command/src/math/utils.rs;crates/nu-command/src/misc/source.rs;crates/nu-command/src/network/http/client.rs;crates/nu-command/src/network/url/parse.rs;crates/nu-command/src/network/url/split_query.rs;crates/nu-command/src/path/join.rs;crates/nu-command/src/path/relative_to.rs;crates/nu-command/src/platform/clear.rs;crates/nu-command/src/platform/is_terminal.rs;crates/nu-command/src/platform/term/term_query.rs;crates/nu-command/src/platform/ulimit.rs;crates/nu-command/src/random/bool.rs;crates/nu-command/src/random/byte_stream.rs;crates/nu-command/src/random/float.rs;crates/nu-command/src/random/int.rs;crates/nu-command/src/random/uuid.rs;crates/nu-command/src/sort_utils.rs;crates/nu-command/src/strings/format/date.rs;crates/nu-command/src/strings/mod.rs;crates/nu-command/src/strings/parse.rs;crates/nu-command/src/strings/str_/join.rs;crates/nu-command/src/strings/str_/length.rs;crates/nu-command/src/system/nu_check.rs;crates/nu-command/src/system/run_external.rs;crates/nu-command/src/system/uname.rs;crates/nu-command/src/viewers/table.rs;crates/nu-derive-value/Cargo.toml;crates/nu-engine/Cargo.toml;crates/nu-engine/src/closure_eval.rs;crates/nu-engine/src/compile/keyword.rs;crates/nu-engine/src/documentation.rs;crates/nu-engine/src/eval.rs;crates/nu-engine/src/eval_ir.rs;crates/nu-experimental/Cargo.toml;crates/nu-explore/Cargo.toml;crates/nu-explore/src/explore.rs;crates/nu-explore/src/nu_common/command.rs;crates/nu-explore/src/pager/mod.rs;crates/nu-explore/src/views/try.rs;crates/nu-glob/Cargo.toml;crates/nu-json/Cargo.toml;crates/nu-lsp/Cargo.toml;crates/nu-lsp/src/completion.rs;crates/nu-lsp/src/lib.rs;crates/nu-parser/Cargo.toml;crates/nu-parser/src/parse_keywords.rs;crates/nu-parser/src/parser.rs;crates/nu-parser/src/type_check.rs;crates/nu-path/Cargo.toml;crates/nu-path/src/dots.rs;crates/nu-path/src/helpers.rs;crates/nu-path/src/lib.rs;crates/nu-path/src/trailing_slash.rs;crates/nu-plugin-core/Cargo.toml;crates/nu-plugin-core/src/communication_mode/mod.rs;crates/nu-plugin-core/src/interface/mod.rs;crates/nu-plugin-core/src/interface/tests.rs;crates/nu-plugin-engine/Cargo.toml;crates/nu-plugin-engine/src/context.rs;crates/nu-plugin-engine/src/interface/mod.rs;crates/nu-plugin-engine/src/interface/tests.rs;crates/nu-plugin-protocol/Cargo.toml;crates/nu-plugin-protocol/src/lib.rs;crates/nu-plugin-test-support/Cargo.toml;crates/nu-plugin-test-support/src/plugin_test.rs;crates/nu-plugin/Cargo.toml;crates/nu-plugin/src/plugin/command.rs;crates/nu-plugin/src/plugin/interface/mod.rs;crates/nu-plugin/src/plugin/interface/tests.rs;crates/nu-plugin/src/plugin/mod.rs;crates/nu-pretty-hex/Cargo.toml;crates/nu-protocol/Cargo.toml;crates/nu-protocol/src/ast/operator.rs;crates/nu-protocol/src/deprecation.rs;crates/nu-protocol/src/engine/engine_state.rs;crates/nu-protocol/src/errors/shell_error/mod.rs;crates/nu-protocol/src/eval_base.rs;crates/nu-protocol/src/eval_const.rs;crates/nu-protocol/src/pipeline/byte_stream.rs;crates/nu-protocol/src/pipeline/list_stream.rs;crates/nu-protocol/src/pipeline/pipeline_data.rs;crates/nu-protocol/src/value/mod.rs;crates/nu-std/Cargo.toml;crates/nu-std/std/config/mod.nu;crates/nu-std/std/help/mod.nu;crates/nu-system/Cargo.toml;crates/nu-table/Cargo.toml;crates/nu-table/src/table.rs;crates/nu-term-grid/Cargo.toml;crates/nu-test-support/Cargo.toml;crates/nu-utils/Cargo.toml;crates/nu-utils/src/default_files/default_config.nu;crates/nu-utils/src/default_files/default_env.nu;crates/nu-utils/src/default_files/doc_config.nu;crates/nu-utils/src/default_files/doc_env.nu;crates/nu-utils/src/default_files/scaffold_config.nu;crates/nu-utils/src/default_files/scaffold_env.nu;crates/nu_plugin_custom_values/Cargo.toml;crates/nu_plugin_example/Cargo.toml;crates/nu_plugin_example/src/commands/collect_bytes.rs;crates/nu_plugin_example/src/commands/ctrlc.rs;crates/nu_plugin_example/src/commands/for_each.rs;crates/nu_plugin_example/src/commands/sum.rs;crates/nu_plugin_formats/Cargo.toml;crates/nu_plugin_gstat/Cargo.toml;crates/nu_plugin_gstat/src/gstat.rs;crates/nu_plugin_inc/Cargo.toml;crates/nu_plugin_nu_example/nu_plugin_nu_example.nu;crates/nu_plugin_polars/Cargo.toml;crates/nu_plugin_polars/src/cache/get.rs;crates/nu_plugin_polars/src/cache/rm.rs;crates/nu_plugin_polars/src/dataframe/command/core/columns.rs;crates/nu_plugin_polars/src/dataframe/command/core/open.rs;crates/nu_plugin_polars/src/dataframe/command/core/profile.rs;crates/nu_plugin_polars/src/dataframe/command/core/schema.rs;crates/nu_plugin_polars/src/dataframe/command/core/to_lazy.rs;crates/nu_plugin_polars/src/dataframe/command/core/to_nu.rs;crates/nu_plugin_polars/src/dataframe/command/core/to_repr.rs;crates/nu_plugin_polars/src/dataframe/command/data/collect.rs;crates/nu_plugin_polars/src/dataframe/command/stub.rs;crates/nu_plugin_polars/src/dataframe/values/mod.rs;crates/nu_plugin_polars/src/dataframe/values/nu_dataframe/conversion.rs;crates/nu_plugin_python/nu_plugin_python_example.py;crates/nu_plugin_query/Cargo.toml;crates/nu_plugin_stress_internals/Cargo.toml;crates/nuon/Cargo.toml;src/main.rs;crates/nu-cmd-lang/src/core_commands/hide.rs;crates/nu-cmd-lang/src/core_commands/overlay/list.rs;crates/nu-cmd-lang/src/core_commands/overlay/use_.rs
milestone_core_development.3,Foundation Infrastructure Part C,Feature,1274d1f;46787d7;e1ce67e;5695ed9;77372fd;bc8acfd;ee5b5bd;b6ded63;3ab77b4;529f6ec;f7aee7c;a4711af;31606a8;607a9c7;5c251ea;f7c1314;9ed6c12;3dead9a;458b8a5;007d15e;efc1fa8;f3d92e3;751ef6e;a3b0006;53caf42;0e3ca7b;eb5e679,1778,2025-07-25T08:19:15+03:00,2025-10-07T22:21:21+03:00,2239,1655,584,1347,431,tests/integration/README.md;tests/integration/mod.rs;tests/main.rs;tests/shell/mod.rs,crates/nu-cli/Cargo.toml;crates/nu-cli/src/commands/default_context.rs;crates/nu-cli/src/commands/history/fields.rs;crates/nu-cli/src/commands/history/history_.rs;crates/nu-cli/src/commands/history/mod.rs;crates/nu-cli/src/commands/mod.rs;crates/nu-cli/src/eval_file.rs;crates/nu-cli/src/repl.rs;crates/nu-cli/src/syntax_highlight.rs;crates/nu-cmd-lang/src/core_commands/attr/attr_.rs;crates/nu-cmd-lang/src/core_commands/attr/mod.rs;crates/nu-cmd-lang/src/core_commands/error.rs;crates/nu-cmd-lang/src/core_commands/mod.rs;crates/nu-cmd-lang/src/default_context.rs;crates/nu-command/Cargo.toml;crates/nu-command/src/conversions/into/binary.rs;crates/nu-command/src/database/commands/mod.rs;crates/nu-command/src/database/commands/query.rs;crates/nu-command/src/default_context.rs;crates/nu-command/src/formats/to/md.rs;crates/nu-command/src/platform/input/input_.rs;crates/nu-command/src/platform/input/list.rs;crates/nu-command/src/strings/detect.rs;crates/nu-command/src/strings/detect_columns.rs;crates/nu-command/src/strings/format/date.rs;crates/nu-command/src/strings/mod.rs;crates/nu-command/src/strings/split/chars.rs;crates/nu-command/src/strings/split/column.rs;crates/nu-command/src/strings/split/words.rs;crates/nu-command/src/system/mod.rs;crates/nu-command/src/system/registry.rs;crates/nu-command/src/system/which_.rs;crates/nu-engine/src/compile/keyword.rs;crates/nu-json/Cargo.toml;crates/nu-lsp/src/ast.rs;crates/nu-lsp/src/completion.rs;crates/nu-lsp/src/goto.rs;crates/nu-lsp/src/hover.rs;crates/nu-lsp/src/lib.rs;crates/nu-lsp/src/signature.rs;crates/nu-lsp/src/symbols.rs;crates/nu-lsp/src/workspace.rs;crates/nu-parser/src/flatten.rs;crates/nu-parser/src/parser.rs;crates/nu-protocol/Cargo.toml;crates/nu-protocol/src/ast/unit.rs;crates/nu-protocol/src/config/history.rs;crates/nu-protocol/src/errors/shell_error/mod.rs;crates/nu-protocol/src/eval_const.rs;crates/nu-protocol/src/pipeline/handlers.rs;crates/nu-protocol/src/value/from_value.rs;crates/nu-protocol/src/value/into_value.rs;crates/nu-protocol/src/value/mod.rs;crates/nu-utils/src/quoting.rs;crates/nu_plugin_polars/src/dataframe/values/nu_dtype/mod.rs;src/command_context.rs;src/ide.rs;src/main.rs;src/signals.rs;src/test_bins.rs
milestone_core_development.4,Nushell Core Semantics and Execution Safety,Feature,00ac34d;1890be8;2715992;36427a7;3fe9c7c;6014f8c;61a89c1;61e9f87;7203138;7927d4d;79a6c78;9fc4669;a40f6d5;bc2a5cf;c17f6d7;c94e6e4;ee7334a;f58460b;20b0faa;887767c;bed0c99;c3a6992;2c8bcc8;45e6f82;bf06a80;dba8fee;58b0593;f712c37;a647707,3829,2025-07-28T08:42:23+02:00,2025-10-11T18:40:22-04:00,5100,3330,1770,2681,1148,tests/plugins/custom_values.rs;tests/repl/test_engine.rs;tests/repl/test_table_operations.rs;tests/shell/pipeline/commands/external.rs;tests/repl/test_custom_commands.rs;tests/repl/test_parser.rs,crates/nu-cli/Cargo.toml;crates/nu-cli/src/commands/history/fields.rs;crates/nu-cli/src/completions/completer.rs;crates/nu-cli/src/completions/mod.rs;crates/nu-cli/src/completions/static_completions.rs;crates/nu-cli/src/eval_cmds.rs;crates/nu-cli/src/eval_file.rs;crates/nu-cli/src/menus/help_completions.rs;crates/nu-cli/src/menus/menu_completions.rs;crates/nu-cli/src/reedline_config.rs;crates/nu-cli/src/repl.rs;crates/nu-cli/src/syntax_highlight.rs;crates/nu-cli/src/util.rs;crates/nu-cmd-base/Cargo.toml;crates/nu-cmd-base/src/hook.rs;crates/nu-cmd-extra/Cargo.toml;crates/nu-cmd-lang/Cargo.toml;crates/nu-cmd-lang/src/core_commands/attr/attr_.rs;crates/nu-cmd-lang/src/core_commands/attr/category.rs;crates/nu-cmd-lang/src/core_commands/attr/deprecated.rs;crates/nu-cmd-lang/src/core_commands/collect.rs;crates/nu-cmd-lang/src/core_commands/describe.rs;crates/nu-cmd-lang/src/core_commands/do_.rs;crates/nu-cmd-lang/src/example_support.rs;crates/nu-cmd-plugin/Cargo.toml;crates/nu-color-config/Cargo.toml;crates/nu-color-config/src/shape_color.rs;crates/nu-color-config/src/style_computer.rs;crates/nu-command/Cargo.toml;crates/nu-command/src/bytes/at.rs;crates/nu-command/src/bytes/remove.rs;crates/nu-command/src/charting/histogram.rs;crates/nu-command/src/conversions/fill.rs;crates/nu-command/src/conversions/into/datetime.rs;crates/nu-command/src/conversions/into/duration.rs;crates/nu-command/src/conversions/into/int.rs;crates/nu-command/src/database/commands/into_sqlite.rs;crates/nu-command/src/database/values/sqlite.rs;crates/nu-command/src/date/to_timezone.rs;crates/nu-command/src/debug/metadata_access.rs;crates/nu-command/src/env/source_env.rs;crates/nu-command/src/env/with_env.rs;crates/nu-command/src/experimental/job_recv.rs;crates/nu-command/src/filesystem/save.rs;crates/nu-command/src/filesystem/watch.rs;crates/nu-command/src/filters/default.rs;crates/nu-command/src/filters/each.rs;crates/nu-command/src/filters/find.rs;crates/nu-command/src/filters/first.rs;crates/nu-command/src/filters/get.rs;crates/nu-command/src/filters/merge/deep.rs;crates/nu-command/src/filters/reject.rs;crates/nu-command/src/filters/select.rs;crates/nu-command/src/filters/skip/skip_.rs;crates/nu-command/src/filters/take/take_.rs;crates/nu-command/src/filters/tee.rs;crates/nu-command/src/formats/from/csv.rs;crates/nu-command/src/formats/from/tsv.rs;crates/nu-command/src/formats/to/mod.rs;crates/nu-command/src/generators/cal.rs;crates/nu-command/src/misc/source.rs;crates/nu-command/src/network/http/client.rs;crates/nu-command/src/network/http/delete.rs;crates/nu-command/src/network/http/get.rs;crates/nu-command/src/network/http/head.rs;crates/nu-command/src/network/http/http_.rs;crates/nu-command/src/network/http/patch.rs;crates/nu-command/src/network/http/post.rs;crates/nu-command/src/network/http/put.rs;crates/nu-command/src/network/http/timeout_extractor_reader.rs;crates/nu-command/src/network/tls/impl_native_tls.rs;crates/nu-command/src/network/tls/impl_rustls.rs;crates/nu-command/src/network/tls/tls_config.rustdoc.md;crates/nu-command/src/path/join.rs;crates/nu-command/src/platform/input/list.rs;crates/nu-command/src/random/uuid.rs;crates/nu-command/src/strings/split/list.rs;crates/nu-command/src/strings/str_/substring.rs;crates/nu-command/src/viewers/table.rs;crates/nu-derive-value/Cargo.toml;crates/nu-engine/Cargo.toml;crates/nu-engine/src/closure_eval.rs;crates/nu-engine/src/command_prelude.rs;crates/nu-engine/src/compile/builder.rs;crates/nu-engine/src/compile/keyword.rs;crates/nu-engine/src/eval.rs;crates/nu-engine/src/eval_helpers.rs;crates/nu-engine/src/eval_ir.rs;crates/nu-engine/src/scope.rs;crates/nu-experimental/Cargo.toml;crates/nu-experimental/src/options/mod.rs;crates/nu-experimental/src/options/pipefail.rs;crates/nu-explore/Cargo.toml;crates/nu-explore/src/nu_common/command.rs;crates/nu-glob/Cargo.toml;crates/nu-glob/src/lib.rs;crates/nu-json/Cargo.toml;crates/nu-json/src/de.rs;crates/nu-lsp/Cargo.toml;crates/nu-parser/Cargo.toml;crates/nu-parser/src/parse_keywords.rs;crates/nu-parser/src/parse_shape_specs.rs;crates/nu-parser/src/parser.rs;crates/nu-path/Cargo.toml;crates/nu-plugin-core/Cargo.toml;crates/nu-plugin-core/src/interface/stream/mod.rs;crates/nu-plugin-engine/Cargo.toml;crates/nu-plugin-engine/src/context.rs;crates/nu-plugin-engine/src/interface/mod.rs;crates/nu-plugin-engine/src/plugin_custom_value_with_source/mod.rs;crates/nu-plugin-protocol/Cargo.toml;crates/nu-plugin-protocol/src/lib.rs;crates/nu-plugin-protocol/src/plugin_custom_value/mod.rs;crates/nu-plugin-test-support/Cargo.toml;crates/nu-plugin-test-support/src/plugin_test.rs;crates/nu-plugin/Cargo.toml;crates/nu-plugin/src/plugin/interface/mod.rs;crates/nu-plugin/src/plugin/mod.rs;crates/nu-pretty-hex/Cargo.toml;crates/nu-protocol/Cargo.toml;crates/nu-protocol/src/debugger/debugger_trait.rs;crates/nu-protocol/src/debugger/profiler.rs;crates/nu-protocol/src/errors/compile_error.rs;crates/nu-protocol/src/pipeline/list_stream.rs;crates/nu-protocol/src/pipeline/pipeline_data.rs;crates/nu-protocol/src/process/child.rs;crates/nu-protocol/src/signature.rs;crates/nu-protocol/src/value/custom_value.rs;crates/nu-protocol/src/value/from_value.rs;crates/nu-protocol/src/value/mod.rs;crates/nu-std/Cargo.toml;crates/nu-std/std/config/mod.nu;crates/nu-system/Cargo.toml;crates/nu-system/src/freebsd.rs;crates/nu-system/src/netbsd.rs;crates/nu-system/src/windows.rs;crates/nu-table/Cargo.toml;crates/nu-term-grid/Cargo.toml;crates/nu-test-support/Cargo.toml;crates/nu-test-support/src/macros.rs;crates/nu-utils/Cargo.toml;crates/nu-utils/src/default_files/default_config.nu;crates/nu-utils/src/default_files/default_env.nu;crates/nu-utils/src/default_files/doc_config.nu;crates/nu-utils/src/default_files/doc_env.nu;crates/nu-utils/src/default_files/scaffold_config.nu;crates/nu-utils/src/default_files/scaffold_env.nu;crates/nu_plugin_custom_values/Cargo.toml;crates/nu_plugin_custom_values/src/cool_custom_value.rs;crates/nu_plugin_custom_values/src/second_custom_value.rs;crates/nu_plugin_example/Cargo.toml;crates/nu_plugin_formats/Cargo.toml;crates/nu_plugin_gstat/Cargo.toml;crates/nu_plugin_inc/Cargo.toml;crates/nu_plugin_nu_example/nu_plugin_nu_example.nu;crates/nu_plugin_polars/Cargo.toml;crates/nu_plugin_polars/src/lib.rs;crates/nu_plugin_python/nu_plugin_python_example.py;crates/nu_plugin_query/Cargo.toml;crates/nu_plugin_stress_internals/Cargo.toml;crates/nuon/Cargo.toml;src/config_files.rs;src/main.rs;src/test_bins.rs;crates/nu-experimental/src/options/enforce_runtime_annotations.rs;crates/nu-protocol/src/ty.rs
milestone_core_development.5,Advanced Features and Refinements,Feature,06050ca;089b628;c97a1e9;0da63d9;60b077f;865b2fc;b226bf5;bf23573;4062cbd;9ff90b6;37fe3e7;d414ebb,4508,2025-09-15T00:02:05+02:00,2025-10-09T12:06:00-05:00,5199,2669,2530,2285,2223,tests/repl/test_custom_commands.rs;tests/repl/test_parser.rs,crates/nu-cli/src/completions/command_completions.rs;crates/nu-cli/src/completions/completer.rs;crates/nu-cli/src/completions/completion_common.rs;crates/nu-cli/src/completions/completion_options.rs;crates/nu-cli/src/completions/custom_completions.rs;crates/nu-cli/src/completions/directory_completions.rs;crates/nu-cli/src/completions/file_completions.rs;crates/nu-cli/src/completions/operator_completions.rs;crates/nu-cli/src/menus/menu_completions.rs;crates/nu-cli/src/print.rs;crates/nu-cli/src/repl.rs;crates/nu-cli/src/syntax_highlight.rs;crates/nu-cmd-extra/src/extra/bits/and.rs;crates/nu-cmd-extra/src/extra/bits/not.rs;crates/nu-cmd-extra/src/extra/bits/or.rs;crates/nu-cmd-extra/src/extra/bits/rotate_left.rs;crates/nu-cmd-extra/src/extra/bits/rotate_right.rs;crates/nu-cmd-extra/src/extra/bits/shift_left.rs;crates/nu-cmd-extra/src/extra/bits/shift_right.rs;crates/nu-cmd-extra/src/extra/bits/xor.rs;crates/nu-cmd-extra/src/extra/formats/to/html.rs;crates/nu-cmd-extra/src/extra/math/arccos.rs;crates/nu-cmd-extra/src/extra/math/arccosh.rs;crates/nu-cmd-extra/src/extra/math/arcsin.rs;crates/nu-cmd-extra/src/extra/math/arcsinh.rs;crates/nu-cmd-extra/src/extra/math/arctan.rs;crates/nu-cmd-extra/src/extra/math/arctanh.rs;crates/nu-cmd-extra/src/extra/math/cos.rs;crates/nu-cmd-extra/src/extra/math/cosh.rs;crates/nu-cmd-extra/src/extra/math/exp.rs;crates/nu-cmd-extra/src/extra/math/ln.rs;crates/nu-cmd-extra/src/extra/math/sin.rs;crates/nu-cmd-extra/src/extra/math/sinh.rs;crates/nu-cmd-extra/src/extra/math/tan.rs;crates/nu-cmd-extra/src/extra/math/tanh.rs;crates/nu-cmd-lang/src/core_commands/collect.rs;crates/nu-cmd-lang/src/core_commands/export_use.rs;crates/nu-cmd-lang/src/example_support.rs;crates/nu-command/src/charting/histogram.rs;crates/nu-command/src/conversions/into/cell_path.rs;crates/nu-command/src/conversions/into/datetime.rs;crates/nu-command/src/conversions/into/duration.rs;crates/nu-command/src/conversions/into/string.rs;crates/nu-command/src/conversions/into/value.rs;crates/nu-command/src/date/from_human.rs;crates/nu-command/src/date/humanize.rs;crates/nu-command/src/date/to_timezone.rs;crates/nu-command/src/debug/experimental_options.rs;crates/nu-command/src/debug/metadata.rs;crates/nu-command/src/debug/metadata_set.rs;crates/nu-command/src/debug/util.rs;crates/nu-command/src/debug/view_source.rs;crates/nu-command/src/debug/view_span.rs;crates/nu-command/src/env/config/config_reset.rs;crates/nu-command/src/experimental/job_recv.rs;crates/nu-command/src/experimental/job_send.rs;crates/nu-command/src/experimental/job_unfreeze.rs;crates/nu-command/src/filesystem/du.rs;crates/nu-command/src/filesystem/ls.rs;crates/nu-command/src/filesystem/open.rs;crates/nu-command/src/filesystem/rm.rs;crates/nu-command/src/filesystem/save.rs;crates/nu-command/src/filters/default.rs;crates/nu-command/src/filters/join.rs;crates/nu-command/src/filters/move_.rs;crates/nu-command/src/filters/tee.rs;crates/nu-command/src/formats/to/json.rs;crates/nu-command/src/generators/cal.rs;crates/nu-command/src/math/ceil.rs;crates/nu-command/src/math/floor.rs;crates/nu-command/src/math/log.rs;crates/nu-command/src/math/round.rs;crates/nu-command/src/math/sqrt.rs;crates/nu-command/src/network/http/client.rs;crates/nu-command/src/network/http/get.rs;crates/nu-command/src/network/http/post.rs;crates/nu-command/src/network/url/join.rs;crates/nu-command/src/path/basename.rs;crates/nu-command/src/path/dirname.rs;crates/nu-command/src/path/exists.rs;crates/nu-command/src/path/expand.rs;crates/nu-command/src/path/parse.rs;crates/nu-command/src/path/relative_to.rs;crates/nu-command/src/path/split.rs;crates/nu-command/src/path/type.rs;crates/nu-command/src/platform/input/legacy_input.rs;crates/nu-command/src/platform/kill.rs;crates/nu-command/src/stor/delete.rs;crates/nu-command/src/strings/format/date.rs;crates/nu-command/src/strings/str_/expand.rs;crates/nu-command/src/strings/str_/stats.rs;crates/nu-command/src/system/run_external.rs;crates/nu-command/src/viewers/table.rs;crates/nu-engine/src/compile/call.rs;crates/nu-engine/src/compile/expression.rs;crates/nu-engine/src/documentation.rs;crates/nu-engine/src/eval.rs;crates/nu-engine/src/eval_ir.rs;crates/nu-engine/src/glob_from.rs;crates/nu-experimental/src/lib.rs;crates/nu-experimental/src/options/example.rs;crates/nu-experimental/src/options/mod.rs;crates/nu-experimental/src/options/pipefail.rs;crates/nu-experimental/src/options/reorder_cell_paths.rs;crates/nu-explore/src/explore.rs;crates/nu-explore/src/lib.rs;crates/nu-explore/src/nu_common/table.rs;crates/nu-explore/src/pager/events.rs;crates/nu-explore/src/pager/mod.rs;crates/nu-explore/src/views/try.rs;crates/nu-glob/src/lib.rs;crates/nu-lsp/src/ast.rs;crates/nu-lsp/src/signature.rs;crates/nu-lsp/src/workspace.rs;crates/nu-parser/src/flatten.rs;crates/nu-parser/src/lex.rs;crates/nu-parser/src/lite_parser.rs;crates/nu-parser/src/parse_keywords.rs;crates/nu-parser/src/parser.rs;crates/nu-plugin-core/src/interface/stream/mod.rs;crates/nu-plugin-core/src/interface/tests.rs;crates/nu-plugin-core/src/serializers/msgpack.rs;crates/nu-plugin-core/src/serializers/tests.rs;crates/nu-plugin-engine/src/interface/mod.rs;crates/nu-plugin-engine/src/interface/tests.rs;crates/nu-plugin-engine/src/persistent.rs;crates/nu-plugin-protocol/src/lib.rs;crates/nu-plugin-test-support/src/plugin_test.rs;crates/nu-protocol/src/ast/expression.rs;crates/nu-protocol/src/config/ansi_coloring.rs;crates/nu-protocol/src/deprecation.rs;crates/nu-protocol/src/did_you_mean.rs;crates/nu-protocol/src/engine/engine_state.rs;crates/nu-protocol/src/engine/stack.rs;crates/nu-protocol/src/engine/state_working_set.rs;crates/nu-protocol/src/errors/parse_error.rs;crates/nu-protocol/src/pipeline/metadata.rs;crates/nu-protocol/src/signature.rs;crates/nu-protocol/src/value/mod.rs;crates/nu-protocol/src/value/record.rs;crates/nu-system/src/foreground.rs;crates/nu-system/src/linux.rs;crates/nu-system/src/windows.rs;crates/nu-table/src/table.rs;crates/nu-table/src/types/collapse.rs;crates/nu-table/src/unstructured_table.rs;crates/nu-utils/src/deansi.rs;crates/nu_plugin_custom_values/Cargo.toml;crates/nu_plugin_custom_values/src/main.rs;crates/nu_plugin_example/Cargo.toml;crates/nu_plugin_formats/Cargo.toml;crates/nu_plugin_gstat/src/gstat.rs;crates/nu_plugin_polars/src/dataframe/command/aggregation/aggregate.rs;crates/nu_plugin_polars/src/dataframe/command/core/to_df.rs;crates/nu_plugin_polars/src/dataframe/values/nu_dataframe/conversion.rs;crates/nu_plugin_polars/src/lib.rs;src/command.rs;src/command_context.rs;src/config_files.rs;src/logger.rs;src/main.rs;src/signals.rs
