workspace,milestone_id,title,category,is_graded,patch_src_loc,patch_total_loc,src_additions,src_deletions,all_additions,all_deletions,touched_src_files,touched_test_files,srs_word_count,dag_topological_position,dag_position_fraction,dag_layer,dag_layer_fraction,dag_indegree,dag_outdegree,raw_fail_to_pass,raw_none_to_pass,raw_pass_to_pass,invalid_fail_to_pass,invalid_none_to_pass,invalid_pass_to_pass,effective_fail_to_pass,effective_none_to_pass,effective_pass_to_pass,effective_functional_tests,effective_total_tests,intrinsic_difficulty_raw,continuous_difficulty_raw,intrinsic_difficulty_score,continuous_difficulty_score,difficulty_band,independent_n_models,independent_pass_rate,independent_mean_recall,independent_mean_precision,independent_mean_score,e2e_observed_models,e2e_resolved_sum,e2e_score_sum,e2e_conditional_pass_rate,e2e_conditional_mean_score,e2e_expected_models,e2e_coverage,e2e_all_model_pass_rate,e2e_all_model_mean_score,log1p_patch_src_loc,difficulty_tail
BurntSushi_ripgrep_14.1.1_15.0.0,maintenance_fixes_1_sub-01,Critical Bug Fixes,Maintenance,True,158,232,122,36,191,41,7,1,1175,1,0.0,0,0.0,0,1,2,2,1093,0,0,0,2,2,1093,4,1097,-0.6715316703886987,-0.7622599685274971,43.28,42.38,central,10,0.8,0.85,0.9,0.8666666666666666,25.0,24.0,24.90909090909091,0.96,0.9963636363636365,26,0.9615384615384616,0.9230769230769231,0.9580419580419581,5.0689042022202315,almost_always_solved
BurntSushi_ripgrep_14.1.1_15.0.0,maintenance_fixes_1_sub-02,Minor Fixes and Enhancements,Maintenance,True,141,215,112,29,181,34,17,1,2030,2,0.0833333333333333,1,0.25,1,2,7,0,1095,0,0,0,7,0,1095,7,1102,-0.720747745216537,-0.7122447146072458,42.79,42.88,central,10,0.5,0.6571428571428571,0.7,0.6756410256410257,25.0,3.0,17.317063589231896,0.12,0.6926825435692758,26,0.9615384615384616,0.11538461538461539,0.6660409072781499,4.955827057601261,middle
BurntSushi_ripgrep_14.1.1_15.0.0,milestone_seed_2924d0c_1,Add min_depth option to WalkBuilder,Feature,True,51,96,47,4,92,4,1,0,666,4,0.25,0,0.0,0,2,0,1,1093,0,0,0,0,1,1093,1,1094,-1.5869392781881102,-1.4115459587689083,34.13,35.88,lower,10,1.0,1.0,1.0,1.0,25.0,15.0,17.24102564102564,0.6,0.6896410256410256,26,0.9615384615384616,0.5769230769230769,0.6631163708086785,3.9512437185814275,almost_always_solved
BurntSushi_ripgrep_14.1.1_15.0.0,milestone_seed_292bc54_1,JSON Output Replace Support,Feature,True,117,119,109,8,111,8,3,1,478,5,0.3333333333333333,0,0.0,0,2,1,0,1083,0,0,0,1,0,1083,1,1084,-0.968324507676274,-0.9032124642694268,40.32,40.97,central,10,0.8,0.8,0.8,0.8,24.0,12.0,15.841025641025642,0.5,0.660042735042735,26,0.9230769230769231,0.46153846153846156,0.6092702169625247,4.770684624465665,almost_always_solved
BurntSushi_ripgrep_14.1.1_15.0.0,milestone_seed_5f5da48_1_sub-01,Glob Nested Alternates Support,Feature,True,65,80,37,28,51,29,2,0,879,6,0.4166666666666667,0,0.0,0,1,9,0,1084,0,0,0,9,0,1084,9,1093,-1.2839529399049334,-1.133116122257238,37.16,38.67,lower,10,0.8,0.8,0.8,0.8,24.0,10.0,18.632452915211537,0.4166666666666667,0.7763522048004807,26,0.9230769230769231,0.38461538461538464,0.716632804431213,4.189654742026425,almost_always_solved
BurntSushi_ripgrep_14.1.1_15.0.0,milestone_seed_5f5da48_1_sub-02,Glob Unclosed Class Toggle,Feature,True,119,185,108,11,168,17,3,1,911,7,0.5,1,0.25,1,1,1,9,1102,0,0,0,1,9,1102,10,1112,-0.8229095339094691,-0.6808297106028803,41.77,43.19,central,10,0.7,0.71,0.8,0.7181818181818181,23.0,8.0,17.996624533533918,0.34782608695652173,0.7824619362406051,26,0.8846153846153846,0.3076923076923077,0.6921778666743814,4.787491742782046,middle
BurntSushi_ripgrep_14.1.1_15.0.0,milestone_seed_a6e0be3_1_sub-01,Max Matches Searcher Migration Core,Breaking,True,240,434,142,98,313,121,6,1,946,8,0.5833333333333334,0,0.0,0,2,0,8,1089,0,0,0,0,8,1089,8,1097,-0.3123264689975463,-0.3243374242873019,46.88,46.76,central,10,0.2,0.6,0.9384615384615385,0.6905023478936523,23.0,0.0,15.235940210660164,0.0,0.6624321830721811,26,0.8846153846153846,0.0,0.5859977004100063,5.484796933490655,middle
BurntSushi_ripgrep_14.1.1_15.0.0,milestone_seed_8c6595c_1,Fix performance bugs with -A/--after-context flag,Quality,True,27,33,18,9,22,11,3,0,780,9,0.6666666666666666,1,0.25,1,1,2,0,1096,0,0,0,2,0,1096,2,1098,-2.0235674824548444,-1.5757953347617424,29.76,34.24,lower,10,0.3,0.9,0.7625,0.745021645021645,23.0,0.0,7.544283167812579,0.0,0.32801231164402517,26,0.8846153846153846,0.0,0.29016473722356073,3.332204510175204,middle
BurntSushi_ripgrep_14.1.1_15.0.0,milestone_seed_a6e0be3_1_sub-02,Max Matches Printer Cleanup,Breaking,True,108,118,5,103,10,108,3,0,544,10,0.75,1,0.25,2,1,0,0,1102,0,0,0,0,0,1102,0,1102,-1.0797309108808144,-0.8085919244583898,39.2,41.91,central,10,0.8,0.8,0.8,0.8,23.0,0.0,4.7829869260277125,0.0,0.20795595330555272,26,0.8846153846153846,0.0,0.18396103561645047,4.6913478822291435,almost_always_solved
BurntSushi_ripgrep_14.1.1_15.0.0,milestone_seed_119407d_1_sub-02,Hyperlink Alias System Restructuring,Platform,True,276,396,219,57,277,119,6,0,1209,11,0.8333333333333334,2,0.5,6,1,0,0,1091,0,0,0,0,0,1091,0,1091,-0.3755926589306161,-0.1656300987490189,46.24,48.34,central,10,0.4,0.5,0.425,0.44000000000000006,12.0,1.0,4.181573498964803,0.08333333333333333,0.3484644582470669,26,0.46153846153846156,0.038461538461538464,0.16082974996018473,5.6240175061873385,middle
BurntSushi_ripgrep_14.1.1_15.0.0,milestone_seed_b610d1c_1,Fix global gitignore bug with absolute paths,Quality,True,172,174,161,11,163,11,4,1,508,13,1.0,4,1.0,2,0,1,0,1104,0,0,0,1,0,1104,1,1105,-0.6770484170639568,-0.2242591250735415,43.23,47.76,central,10,1.0,1.0,1.0,1.0,9.0,0.0,3.0046620046620047,0.0,0.33385133385133386,26,0.34615384615384615,0.0,0.11556392325623095,5.153291594497779,almost_always_solved
apache_dubbo_dubbo-3.3.3_dubbo-3.3.6,M003.1,Mutiny Module Infrastructure and Build Configuration,Feature,True,358,458,337,21,437,21,7,0,379,1,0.0,0,0.0,0,1,0,1,6954,0,0,11,0,1,6943,1,6944,0.0657521485194454,-0.1393370741194339,50.66,48.61,central,10,1.0,1.0,1.0,1.0,26.0,20.0,21.7281045751634,0.7692307692307693,0.8356963298139769,26,1.0,0.7692307692307693,0.8356963298139769,5.883322388488279,almost_always_solved
apache_dubbo_dubbo-3.3.3_dubbo-3.3.6,M003.3,Mutiny Calls Handlers and Code Generator,Feature,True,543,543,543,0,543,0,7,0,1595,3,0.1666666666666666,2,1.0,1,0,18,5,6930,0,4,2,18,1,6928,19,6947,0.5565871488263742,0.5547229215491276,55.57,55.55,central,10,0.1,0.19473684210526315,0.2047377428790806,0.1972972972972973,25.0,0.0,1.3944696747133871,0.0,0.055778786988535486,26,0.9615384615384616,0.0,0.05363344902743797,6.298949246855942,almost_never_solved
apache_dubbo_dubbo-3.3.3_dubbo-3.3.6,M004,Enhanced Server-Sent Events (SSE) Support,Feature,True,497,522,452,45,477,45,13,0,873,4,0.25,0,0.0,0,1,2,17,6902,2,16,6,0,1,6896,1,6897,0.3124972556449183,0.1218329836655928,53.12,51.22,central,10,0.0,0.0,0.0004902932330682389,0.0,25.0,0.0,0.5714285714285715,0.0,0.02285714285714286,26,0.9615384615384616,0.0,0.02197802197802198,6.210600077024653,almost_never_solved
apache_dubbo_dubbo-3.3.3_dubbo-3.3.6,M001.1,Spring Security OAuth2 Serialization Support,Platform,True,500,500,496,4,496,4,12,0,1571,5,0.3333333333333333,1,0.5,1,1,0,4,6911,0,0,12,0,4,6899,4,6903,0.3874431251876087,0.3355991881574232,53.87,53.36,central,10,0.0,0.05,0.060557796633746,0.05,24.0,0.0,0.8938461538461537,0.0,0.03724358974358974,26,0.9230769230769231,0.0,0.03437869822485207,6.2166061010848646,almost_never_solved
apache_dubbo_dubbo-3.3.3_dubbo-3.3.6,M001.2,Spring 6 Security Module Split and UTF-8 Standardization,Platform,True,385,448,337,48,400,48,28,0,551,6,0.4166666666666667,2,1.0,1,0,0,38,6890,27,8,6,0,3,6884,3,6887,0.172918836071528,0.3249912554680401,51.73,53.25,central,10,0.0,0.0,0.016247513262599468,0.0,24.0,0.0,0.12138728323699423,0.0,0.0050578034682080926,26,0.9230769230769231,0.0,0.004668741662961317,5.955837369464831,almost_never_solved
apache_dubbo_dubbo-3.3.3_dubbo-3.3.6,M006,RadixTree Multi-Method REST Path Routing Fix,Feature,True,175,222,171,4,218,4,6,0,779,7,0.5,0,0.0,0,0,2,6,6914,0,6,6,2,0,6908,2,6910,-0.4426053088643482,-0.4050851640085733,45.57,45.95,central,10,0.8,0.9,0.875049115913556,0.8857142857142858,25.0,8.0,11.487782305304208,0.32,0.4595112922121683,26,0.9615384615384616,0.3076923076923077,0.4418377809732388,5.170483995038151,almost_always_solved
apache_dubbo_dubbo-3.3.3_dubbo-3.3.6,M011,Logging FQCN Infrastructure Enhancement,Quality,True,271,271,193,78,193,78,9,0,1438,8,0.5833333333333334,0,0.0,0,0,0,11,6923,6,0,6,0,5,6917,5,6922,-0.060107031257471,-0.0839394003370289,49.4,49.16,central,10,1.0,1.0,1.0,1.0,22.0,6.0,9.9164108254329,0.2727272727272727,0.45074594661058637,26,0.8461538461538461,0.23076923076923078,0.38140041636280386,5.605802066295998,almost_always_solved
apache_dubbo_dubbo-3.3.3_dubbo-3.3.6,M016.1,RPC and Remoting Bug Fixes,Quality,True,496,499,337,159,338,161,40,0,975,9,0.6666666666666666,0,0.0,0,2,0,6,6915,0,0,4,0,6,6911,6,6917,0.4073995391290299,0.3054284753654243,54.07,53.05,central,10,0.1,0.6,0.5375898258962775,0.5666666666666667,24.0,3.0,11.9711988717138,0.125,0.49879995298807495,26,0.9230769230769231,0.11538461538461539,0.4604307258351461,6.208590026096629,almost_never_solved
apache_dubbo_dubbo-3.3.3_dubbo-3.3.6,M017,Code Merge and Branch Integration,Maintenance,True,239,242,193,46,193,49,23,0,1518,10,0.75,0,0.0,0,0,1,3,6923,0,3,13,1,0,6910,1,6911,-0.2392059539538167,-0.176702994324012,47.61,48.23,central,10,0.6,1.0,0.6569298245614035,0.6970588235294117,23.0,2.0,4.537549407114625,0.08695652173913043,0.19728475683107066,26,0.8846153846153846,0.07692307692307693,0.1745211310428702,5.480638923341991,middle
apache_dubbo_dubbo-3.3.3_dubbo-3.3.6,M018,Performance Optimizations,Quality,True,110,110,61,49,61,49,5,0,689,11,0.8333333333333334,1,0.5,1,0,0,6,6886,0,0,6,0,6,6880,6,6886,-0.7264860017427635,-0.4057149326600597,42.74,45.94,central,10,1.0,1.0,1.0,1.0,24.0,2.0,6.689536114295794,0.08333333333333333,0.2787306714289914,26,0.9230769230769231,0.07692307692307693,0.2572898505498382,4.709530201312334,almost_always_solved
apache_dubbo_dubbo-3.3.3_dubbo-3.3.6,M019,Feature Enhancements - Minor Additions,Feature,True,445,454,282,163,291,163,27,0,757,12,0.9166666666666666,0,0.0,0,0,0,6,6910,0,0,13,0,6,6897,6,6903,0.3253267381624673,0.3083475944445811,53.25,53.08,central,10,0.5,0.8,0.5067117440766864,0.5118227473535051,20.0,1.0,3.465375187142565,0.05,0.17326875935712824,26,0.7692307692307693,0.038461538461538464,0.1332836610439448,6.100318952020064,middle
apache_dubbo_dubbo-3.3.3_dubbo-3.3.6,M025,Miscellaneous Fixes and Improvements,Maintenance,True,135,265,27,108,75,190,24,0,1301,13,1.0,1,0.5,1,0,0,0,6924,0,0,10,0,0,6914,0,6914,-0.7218159377967752,-0.3516327863162913,42.78,46.48,central,10,0.9,1.0,0.95,0.9666666666666666,22.0,2.0,3.990512565303553,0.09090909090909091,0.18138693478652515,26,0.8461538461538461,0.07692307692307693,0.15348125251167513,4.912654885736052,almost_always_solved
element-hq_element-web_v1.11.95_v1.11.97,maintenance_ui_ux,UI/UX and Accessibility Improvements,Maintenance,True,100,426,58,42,249,177,9,24,1403,1,0.0,0,0.0,0,1,29,0,5237,2,0,0,27,0,5237,27,5264,-0.7197438932010226,-0.770022547658248,42.8,42.3,central,10,0.0,0.7586206896551724,0.3995415959252971,0.5176430555208046,25.0,0.0,14.352712922025779,0.0,0.5741085168810312,26,0.9615384615384616,0.0,0.5520274200779146,4.61512051684126,almost_never_solved
element-hq_element-web_v1.11.95_v1.11.97,milestone_seed_3762d40_1,Enhanced Rageshake Error Reporting,Quality,True,127,259,99,28,231,28,2,1,1016,2,0.0588235294117647,0,0.0,0,1,8,0,5326,0,0,0,8,0,5326,8,5334,-0.6260225774815268,-0.6770263535046486,43.74,43.23,central,10,0.7,0.7875,0.9000256673511293,0.7933333333333333,25.0,0.0,2.117299266517957,0.0,0.08469197066071828,26,0.9615384615384616,0.0,0.08143458717376759,4.852030263919617,middle
element-hq_element-web_v1.11.95_v1.11.97,milestone_seed_56c7fc1_1,Identity Reset Protection UX Enhancement,Security,True,62,399,51,11,384,15,5,5,744,3,0.1176470588235294,0,0.0,0,1,2,0,5208,0,0,0,2,0,5208,2,5210,-1.2486942725669508,-1.1478833350034456,37.51,38.52,lower,10,0.9,0.9,1.0,0.9,26.0,16.0,18.416666666666668,0.6153846153846154,0.7083333333333334,26,1.0,0.6153846153846154,0.7083333333333334,4.143134726391533,almost_always_solved
element-hq_element-web_v1.11.95_v1.11.97,milestone_seed_599112e_1,Compound Design System Checkbox Migration,Quality,True,572,3791,184,388,2358,1433,27,16,2217,4,0.1764705882352941,0,0.0,0,0,15,0,5208,9,0,0,6,0,5208,6,5214,0.485618223938127,0.2283377198805516,54.86,52.28,central,10,0.2,0.44666666666666666,0.975,0.5607546864899806,25.0,2.0,12.013790838790838,0.08,0.4805516335516335,26,0.9615384615384616,0.07692307692307693,0.46206887841503225,6.35088571671474,middle
element-hq_element-web_v1.11.95_v1.11.97,milestone_seed_7ff1fd2_1,Room List Store V3 Filter Infrastructure,Feature,True,486,1109,427,59,961,148,19,6,2437,5,0.2352941176470588,0,0.0,0,1,1,28,5205,0,0,0,1,28,5205,29,5234,0.4743502464716224,0.2313510865864874,54.74,52.31,central,10,0.6,0.9137931034482758,0.9571428571428571,0.928676236044657,24.0,4.0,15.287859430288318,0.16666666666666666,0.63699414292868,26,0.9230769230769231,0.15384615384615385,0.5879945934726276,6.18826412308259,middle
element-hq_element-web_v1.11.95_v1.11.97,milestone_seed_aa99601_1,Group Call Error Screen Display,Feature,True,293,704,151,142,343,361,11,11,1220,6,0.2941176470588235,0,0.0,0,2,4,0,5325,0,0,0,4,0,5325,4,5329,-0.0424533954961732,-0.1534175827100627,49.58,48.47,central,10,0.0,0.625,0.46616327804530056,0.5215605598232138,24.0,0.0,1.2358541498324729,0.0,0.05149392290968637,26,0.9230769230769231,0.0,0.047532851916633576,5.683579767338681,almost_never_solved
element-hq_element-web_v1.11.95_v1.11.97,milestone_seed_8bb4d44_1,Element Call Bundle Integration,Feature,True,135,294,113,22,261,33,7,8,1059,7,0.3529411764705882,1,0.25,1,0,6,2,5180,0,0,0,6,2,5180,8,5188,-0.5830704392641395,-0.4970935860974055,44.17,45.03,central,10,0.6,0.7,1.0,0.7434343434343434,24.0,0.0,8.01820736427142,0.0,0.3340919735113092,26,0.9230769230769231,0.0,0.3083925909335162,4.912654885736052,middle
element-hq_element-web_v1.11.95_v1.11.97,milestone_seed_be3778b_1,Key Storage Toggle for Encryption Settings,Security,True,372,819,351,21,784,35,10,14,2007,8,0.4117647058823529,0,0.0,0,1,1,8,5255,0,0,0,1,8,5255,9,5264,0.189345551357311,0.0582560951477911,51.89,50.58,central,10,0.6,0.9111111111111111,0.9800000000000001,0.9413732394366198,24.0,0.0,7.681972904972804,0.0,0.32008220437386686,26,0.9230769230769231,0.0,0.29546049634510785,5.921578419643816,middle
element-hq_element-web_v1.11.95_v1.11.97,feature_enhancements,Feature Enhancements,Feature,True,253,882,225,28,735,147,9,10,1092,9,0.4705882352941176,1,0.25,3,1,10,3,5250,0,0,0,10,3,5250,13,5263,-0.0754382156515872,-0.06741162436552,49.25,49.33,central,10,0.8,0.9307692307692308,1.0,0.958008658008658,23.0,0.0,8.080860356278524,0.0,0.3513417546208054,26,0.8846153846153846,0.0,0.3108023213953279,5.537334267018537,almost_always_solved
element-hq_element-web_v1.11.95_v1.11.97,milestone_seed_3f47487_1,React DOM Rendering Modernization,Platform,True,1428,2969,716,712,1608,1361,63,28,2346,10,0.5294117647058824,2,0.5,1,1,15,7,5239,2,0,0,13,7,5239,20,5259,1.2615393640171753,1.0652327410912397,62.62,60.65,higher,10,0.0,0.33590909090909093,0.11806537144887055,0.16516502032257846,23.0,0.0,3.7529836986276934,0.0,0.1631732042881606,26,0.8846153846153846,0.0,0.1443455268702959,7.264730177929867,almost_never_solved
element-hq_element-web_v1.11.95_v1.11.97,maintenance_bug_fixes,Bug Fixes and Stability Improvements,Maintenance,True,80,167,47,33,128,39,6,6,1430,11,0.5882352941176471,3,0.75,1,1,2,0,5256,0,0,0,2,0,5256,2,5258,-1.057726485437206,-0.6683184357239255,39.42,43.32,central,10,0.7,0.95,0.8928571428571429,0.8933333333333333,7.0,0.0,0.5674345609313676,0.0,0.08106208013305251,26,0.2692307692307692,0.0,0.021824406189667984,4.394449154672439,middle
element-hq_element-web_v1.11.95_v1.11.97,milestone_seed_05df321_1,React 19 JSX Import Migration,Platform,True,456,1039,238,218,657,382,269,17,1261,12,0.6470588235294118,4,1.0,2,0,0,0,5271,0,0,0,0,0,5271,0,5271,0.1664163712562634,0.3799049190380308,51.66,53.8,central,10,0.9,1.0,0.9004081632653061,0.9008130081300812,7.0,0.0,0.15988108925371813,0.0,0.02284015560767402,26,0.2692307692307692,0.0,0.006149272663604544,6.124683390894205,almost_always_solved
element-hq_element-web_v1.11.95_v1.11.97,milestone_seed_e662c19_1,Image and Video Hiding Privacy Feature,Feature,True,446,827,334,112,663,164,18,7,2194,13,0.7058823529411765,0,0.0,0,0,6,9,5216,0,0,0,6,9,5216,15,5231,0.3614993352110768,0.2714180815285021,53.61,52.71,central,10,0.0,0.7533333333333333,0.4967934268659319,0.5773841578942668,24.0,0.0,5.808049074948821,0.0,0.24200204478953422,26,0.9230769230769231,0.0,0.22338650288264697,6.102558594613569,almost_never_solved
element-hq_element-web_v1.11.95_v1.11.97,milestone_seed_e9a3625_1_sub-01,Room List V3 ViewModel Foundation,Feature,True,415,979,412,3,873,106,6,4,1212,14,0.7647058823529411,1,0.25,1,1,0,2,5236,0,0,0,0,2,5236,2,5238,0.1790137345132259,0.2160329836617315,51.79,52.16,central,10,1.0,1.0,1.0,1.0,24.0,1.0,6.035809688014924,0.041666666666666664,0.25149207033395515,26,0.9230769230769231,0.038461538461538464,0.23214652646211245,6.030685260261263,almost_always_solved
element-hq_element-web_v1.11.95_v1.11.97,milestone_seed_e9a3625_1_sub-02,Room List V3 UI Components,Feature,True,791,2840,738,53,2552,288,22,34,2111,15,0.8235294117647058,2,0.5,1,1,0,60,5192,0,0,0,0,60,5192,60,5252,0.8962677005044885,0.8544616903615663,58.96,58.54,central,10,0.5,0.8333333333333334,0.9359154929577465,0.8546275768078175,23.0,0.0,9.504367988313115,0.0,0.4132333907962224,26,0.8846153846153846,0.0,0.3655526149351198,6.674561391814426,middle
element-hq_element-web_v1.11.95_v1.11.97,milestone_seed_e9a3625_1_sub-03,Room List V3 Room Behavior and Display,Feature,True,587,2238,558,29,1918,320,15,33,2621,16,0.8823529411764706,3,0.75,1,0,21,1,5257,0,0,0,21,1,5257,22,5279,0.597473674698956,0.7059671842478829,55.97,57.06,central,10,0.3,0.909090909090909,0.9131578947368422,0.8924857870521856,23.0,0.0,4.213534075877372,0.0,0.18319713373379878,26,0.8846153846153846,0.0,0.16205900291836045,6.376726947898627,middle
element-hq_element-web_v1.11.95_v1.11.97,milestone_seed_f59af37_1,Simplified Sliding Sync Architecture,Maintenance,True,952,1782,230,722,365,1417,12,8,1606,17,0.9411764705882352,1,0.25,1,0,9,8,5222,1,0,0,8,8,5222,16,5238,0.938673913464083,0.8557040611319044,59.39,58.56,central,10,0.4,0.81875,0.8727537838619494,0.839714583360576,24.0,0.0,4.148386398540261,0.0,0.17284943327251087,26,0.9230769230769231,0.0,0.15955332302077926,6.859614903654202,middle
element-hq_element-web_v1.11.95_v1.11.97,milestone_seed_fba5938_1,SSO Pickle Key Generation,Security,True,92,157,67,25,130,27,2,3,771,18,1.0,0,0.0,0,0,1,0,5215,0,0,0,1,0,5215,1,5216,-0.9852204434706624,-0.701667530885742,40.15,42.98,central,10,0.0,0.4,0.12121212121212122,0.11428571428571428,24.0,0.0,0.0,0.0,0.0,26,0.9230769230769231,0.0,0.0,4.532599493153256,almost_never_solved
navidrome_navidrome_v0.57.0_v0.58.0,milestone_002,Plugin API Extensions,Feature,True,99,99,90,9,90,9,7,1,1233,1,0.0,0,0.0,0,2,0,155,1658,0,154,0,0,1,1658,1,1659,-1.0492841690668402,-1.0472890533101928,39.51,39.53,lower,10,0.6,0.6,0.8029850746268657,0.6,26.0,18.0,18.0,0.6923076923076923,0.6923076923076923,26,1.0,0.6923076923076923,0.6923076923076923,4.605170185988092,middle
navidrome_navidrome_v0.57.0_v0.58.0,milestone_006,UI Quality Improvements,Quality,True,97,127,70,27,80,47,5,5,954,2,0.125,0,0.0,0,2,7,0,1063,1,0,0,6,0,1063,6,1069,-1.0144797185849406,-0.9995355138707964,39.86,40.0,central,10,1.0,1.0,1.0,1.0,26.0,17.0,23.494301994301996,0.6538461538461539,0.9036269997808459,26,1.0,0.6538461538461539,0.9036269997808459,4.584967478670572,almost_always_solved
navidrome_navidrome_v0.57.0_v0.58.0,milestone_001,Plugin System Core Improvements,Feature,True,1064,1068,570,494,571,497,25,10,2518,3,0.25,1,0.2,2,1,0,97,2156,0,0,0,0,97,2156,97,2253,1.0653811414928196,0.7308109694520879,60.65,57.31,central,10,0.7,0.7,0.7020319370516084,0.7,26.0,0.0,7.524043979292231,0.0,0.28938630689585504,26,1.0,0.0,0.28938630689585504,6.970730078143525,middle
navidrome_navidrome_v0.57.0_v0.58.0,milestone_003_sub-01,Multi-Library Database and Persistence Foundation,Feature,True,1226,1226,951,275,951,275,32,1,3011,4,0.375,1,0.2,2,1,4,603,910,422,0,0,4,181,910,185,1095,1.1321546460483929,0.7960671241999234,61.32,57.96,central,10,0.0,0.033507853403141365,0.3265715826297378,0.050710790679986975,25.0,0.0,0.3484637030648922,0.0,0.013938548122595689,26,0.9615384615384616,0.0,0.013402450117880469,7.112327444710911,almost_never_solved
navidrome_navidrome_v0.57.0_v0.58.0,milestone_003_sub-02,Multi-Library Core Service and Scanner,Feature,True,991,991,895,96,895,96,13,0,3434,5,0.5,2,0.4,2,1,0,95,1957,0,0,0,0,95,1957,95,2052,1.0000606842294395,0.7988007827958904,60.0,57.99,central,10,0.0,0.4284210526315789,0.47619056700022544,0.44374385624463164,25.0,0.0,0.0,0.0,0.0,26,0.9615384615384616,0.0,0.0,6.899723107284872,almost_never_solved
navidrome_navidrome_v0.57.0_v0.58.0,milestone_003_sub-03,Multi-Library Server APIs,Feature,True,610,610,444,166,444,166,26,10,2206,6,0.625,3,0.6,1,1,0,440,1150,357,0,0,0,83,1150,83,1233,0.5682263183515603,0.5357332164295677,55.68,55.36,central,10,0.4,0.4764044943820225,0.8003937007874015,0.48662420382165605,25.0,0.0,0.0,0.0,0.0,26,0.9615384615384616,0.0,0.0,6.415096959171596,middle
navidrome_navidrome_v0.57.0_v0.58.0,milestone_003_sub-04,Multi-Library UI Components,Feature,True,1571,1624,1553,18,1553,71,27,0,2799,7,0.75,4,0.8,1,1,12,81,1543,0,0,0,12,81,1543,93,1636,1.3218684052836631,1.2217924331680343,63.22,62.22,higher,10,0.6,0.864516129032258,0.9833333333333334,0.9013565308815498,25.0,0.0,1.122896447651345,0.0,0.0449158579060538,26,0.9615384615384616,0.0,0.04318832490966711,7.360103972989152,middle
navidrome_navidrome_v0.57.0_v0.58.0,milestone_004,Scanner Quality Improvements,Quality,True,90,92,71,19,72,20,3,3,885,8,0.875,5,1.0,1,0,4,0,1222,0,0,0,4,0,1222,4,1226,-1.0818887120180882,-0.5763284300067162,39.18,44.24,central,10,1.0,1.0,1.0,1.0,25.0,0.0,1.058860575513887,0.0,0.042354423020555476,26,0.9615384615384616,0.0,0.04072540675053411,4.51085950651685,almost_always_solved
navidrome_navidrome_v0.57.0_v0.58.0,milestone_007,Agent Logic Streamlining,Maintenance,True,152,152,51,101,51,101,1,2,1094,9,1.0,0,0.0,0,0,0,9,1412,0,0,0,0,9,1412,9,1421,-0.6208242693183635,-0.4488265714164873,43.79,45.51,central,10,0.7,0.7,0.9026315789473685,0.7,26.0,0.0,1.603748858266153,0.0,0.06168264839485204,26,1.0,0.0,0.06168264839485204,5.030437921392435,middle
nushell_nushell_0.106.0_0.108.0,milestone_G04_1ddae02,Query XML Multiple Output Types and Enhanced Nodeset Formatting,Breaking,True,451,493,396,55,417,76,1,0,1041,1,0.0,0,0.0,0,3,11,0,5337,0,0,0,11,0,5337,11,5348,0.3501999092363315,0.0733919642769228,53.5,50.73,central,10,1.0,1.0,1.0,1.0,15.0,12.0,13.802105263157895,0.8,0.9201403508771929,26,0.5769230769230769,0.46153846153846156,0.5308502024291498,6.113682179832232,almost_always_solved
nushell_nushell_0.106.0_0.108.0,milestone_M02_parser,Parser Bug Fixes and Improvements,Quality,True,296,296,177,119,177,119,3,1,1429,2,0.0833333333333333,0,0.0,0,3,6,0,5310,0,0,0,6,0,5310,6,5316,-0.0092332969791989,-0.1851711770530281,49.91,48.15,central,10,0.1,0.6,0.7222222222222222,0.5896331738437002,15.0,1.0,10.497862066879561,0.06666666666666667,0.699857471125304,26,0.5769230769230769,0.038461538461538464,0.4037639256492139,5.6937321388027,almost_never_solved
nushell_nushell_0.106.0_0.108.0,milestone_core_development.2,Foundation Infrastructure Part B,Feature,True,2138,2339,1448,690,1549,790,208,3,2127,3,0.1666666666666666,1,0.125,2,6,17,3,4949,0,0,0,17,3,4949,20,4969,1.5606058923860326,1.099903276447164,65.61,61.0,higher,10,0.6,0.6849999999999999,0.6227848101265823,0.635936582501468,8.0,0.0,5.605272519093286,0.0,0.7006590648866607,26,0.3076923076923077,0.0,0.215587404580511,7.668093709082406,middle
nushell_nushell_0.106.0_0.108.0,milestone_G02_da9615f,Parse-time Pipeline Type Checking for Multiple Output Types,Quality,True,186,186,104,82,104,82,6,1,827,4,0.25,2,0.25,1,3,2,0,5348,0,0,0,2,0,5348,2,5350,-0.4233383162340488,-0.3956404833648886,45.77,46.04,central,10,1.0,1.0,1.0,1.0,8.0,0.0,2.5041025641025643,0.0,0.31301282051282053,26,0.3076923076923077,0.0,0.09631163708086786,5.231108616854587,almost_always_solved
nushell_nushell_0.106.0_0.108.0,milestone_G04_ca0e961,Overlay List Returns Table with Active Status,Breaking,True,96,96,75,21,75,21,3,1,616,5,0.3333333333333333,2,0.25,1,2,11,0,5340,0,0,0,11,0,5340,11,5351,-0.8133370502532158,-0.6834198132218682,41.87,43.17,central,10,0.8,0.9818181818181818,1.0,0.9904761904761905,6.0,0.0,4.347150669731315,0.0,0.7245251116218858,26,0.23076923076923078,0.0,0.16719810268197366,4.574710978503383,almost_always_solved
nushell_nushell_0.106.0_0.108.0,milestone_G05_0b8531e,Well-Optimized String Types Infrastructure,Maintenance,True,1002,1037,816,186,851,186,10,0,1031,6,0.4166666666666667,2,0.25,1,3,0,9,5318,0,0,0,0,9,5318,9,5327,0.938482470776022,0.715901312543391,59.38,57.16,central,10,0.9,0.9777777777777779,1.0,0.9875,7.0,0.0,3.5783480606133065,0.0,0.5111925800876153,26,0.2692307692307692,0.0,0.13762877156205025,6.910750787961936,almost_always_solved
nushell_nushell_0.106.0_0.108.0,milestone_core_development.3,Foundation Infrastructure Part C,Feature,True,1778,2239,1347,431,1655,584,60,4,1530,7,0.5,3,0.375,1,3,14,0,5295,0,0,0,14,0,5295,14,5309,1.402446992114356,1.1354448341828909,64.02,61.35,higher,10,0.0,0.32857142857142857,0.3383458646616541,0.33245798373716734,5.0,0.0,3.133010818431017,0.0,0.6266021636862034,26,0.19230769230769232,0.0,0.12050041609350065,7.483806687665835,almost_never_solved
nushell_nushell_0.106.0_0.108.0,milestone_G01_48bca0a,Custom Completion Refactoring from Expression to Signature,Quality,True,303,909,159,144,462,447,10,0,437,8,0.5833333333333334,4,0.5,6,1,2,0,5331,0,0,0,2,0,5331,2,5333,-0.0562719729248792,0.0500812984765876,49.44,50.5,central,10,0.0,0.7,0.1591316526610644,0.23166666666666663,0.0,0.0,0.0,,,26,0.0,0.0,0.0,5.717027701406222,almost_never_solved
nushell_nushell_0.106.0_0.108.0,milestone_G05_be6e868,LSP Testing Code Refactoring,Quality,True,3036,3132,1044,1992,1093,2039,12,2,650,9,0.6666666666666666,4,0.5,2,1,0,0,5347,0,0,0,0,0,5347,0,5347,1.599886373238745,1.3769114101476647,66.0,63.77,higher,10,0.9,0.9964705882352941,0.9988095238095237,0.9976260489134333,0.0,0.0,0.0,,,26,0.0,0.0,0.0,8.01862546504575,almost_always_solved
nushell_nushell_0.106.0_0.108.0,milestone_M08_docs,Documentation and Help Improvements,Quality,True,206,206,126,80,126,80,10,0,720,10,0.75,5,0.625,2,2,3,0,5301,0,0,0,3,0,5301,3,5304,-0.3253381710722055,-0.0835506638636545,46.75,49.16,central,10,0.5,0.7,0.8,0.74,5.0,0.0,1.8838486590808574,0.0,0.37676973181617146,26,0.19230769230769232,0.0,0.07245571765695605,5.332718793265369,middle
nushell_nushell_0.106.0_0.108.0,milestone_core_development.1,Foundation Infrastructure Part A,Feature,True,2199,2881,1344,855,1848,1033,73,4,2197,11,0.8333333333333334,6,0.75,7,1,25,0,4938,0,0,0,25,0,4938,25,4963,1.5980350697577017,1.4771683792221837,65.98,64.77,higher,10,0.0,0.0,0.1,0.0,4.0,0.0,1.7714083039703326,0.0,0.44285207599258314,26,0.15384615384615385,0.0,0.06813108861424357,7.696212639346407,almost_never_solved
nushell_nushell_0.106.0_0.108.0,milestone_core_development.4,Core Features Development,Feature,True,3775,5046,2629,1146,3278,1768,164,4,2249,12,0.9166666666666666,7,0.875,5,1,35,6,4814,0,0,0,35,6,4814,41,4855,2.0406641967070467,1.8792758521129824,70.41,68.79,higher,10,0.0,0.0,0.0,0.0,0.0,0.0,0.0,,,26,0.0,0.0,0.0,8.236420527265391,almost_never_solved
nushell_nushell_0.106.0_0.108.0,milestone_G02_a647707,Runtime Enforcement of Type Annotations,Feature,True,54,54,52,2,52,2,5,2,845,13,1.0,8,1.0,1,0,3,0,4856,0,0,0,3,0,4856,3,4859,-1.336545935063377,-0.7113964026229618,36.63,42.89,central,10,1.0,1.0,1.0,1.0,0.0,0.0,0.0,,,26,0.0,0.0,0.0,4.007333185232471,almost_always_solved
scikit-learn_scikit-learn_1.5.2_1.6.0,M06,Array API Support for Metrics and Preprocessing,Feature,True,304,370,242,62,300,70,5,0,1335,1,0.0,0,0.0,0,1,5,0,34669,0,0,0,5,0,34669,5,34674,0.1938123244817838,-0.0059560726362587,51.94,49.94,central,10,0.5,0.86,0.6955908652678525,0.6821716541215348,26.0,8.0,14.239247752118073,0.3076923076923077,0.5476633750814643,26,1.0,0.3076923076923077,0.5476633750814643,5.720311776607412,middle
scikit-learn_scikit-learn_1.5.2_1.6.0,M11,Missing value support for ExtraTree estimators,Feature,True,174,213,147,27,184,29,3,0,1435,2,0.0909090909090909,0,0.0,0,1,20,0,22896,0,0,0,20,0,22896,20,22916,-0.1730905750369854,-0.2823753505602533,48.27,47.18,central,10,0.6,0.85,0.8238636363636364,0.8082689521970062,26.0,4.0,18.91101912800492,0.15384615384615385,0.7273468895386508,26,1.0,0.15384615384615385,0.7273468895386508,5.1647859739235145,middle
scikit-learn_scikit-learn_1.5.2_1.6.0,M12.1,Infrastructure Foundation Phase 1,Breaking,True,2583,32777,1276,1307,12019,20758,222,0,4113,3,0.1818181818181818,0,0.0,0,1,872,2,21446,0,0,0,872,2,21446,874,22320,2.142128943895664,1.549569097482204,71.42,65.5,higher,10,0.0,0.8822654462242563,0.8492763081531066,0.8639364941992825,25.0,0.0,11.033392105316521,0.0,0.44133568421266084,26,0.9615384615384616,0.0,0.4243612348198662,7.857093864902493,almost_never_solved
scikit-learn_scikit-learn_1.5.2_1.6.0,M12.2,Infrastructure Foundation Phase 2,Breaking,True,1208,3083,718,490,1427,1656,54,0,3490,4,0.2727272727272727,1,0.2,1,4,71,1,21771,0,0,0,71,1,21771,72,21843,1.3786867859824867,1.0353550728789522,63.79,60.35,higher,10,0.0,0.6472222222222223,0.6315615879031306,0.6040301453794431,26.0,0.0,3.3349439496424687,0.0,0.12826707498624879,26,1.0,0.0,0.12826707498624879,7.097548850614793,almost_never_solved
scikit-learn_scikit-learn_1.5.2_1.6.0,M01,Metadata routing for RFE and RFECV,Feature,True,262,272,232,30,239,33,2,0,1228,5,0.3636363636363636,2,0.4,1,1,10,0,19839,0,0,0,10,0,19839,10,19849,0.070383279849021,0.089012364967991,50.7,50.89,central,10,0.9,1.0,0.9785714285714284,0.9879999999999999,24.0,0.0,1.4507715373962866,0.0,0.06044881405817861,26,0.9230769230769231,0.0,0.05579890528447256,5.572154032177765,almost_always_solved
scikit-learn_scikit-learn_1.5.2_1.6.0,M03,Move Estimator Type to Tags,Breaking,True,289,863,200,89,548,315,20,0,582,6,0.4545454545454545,2,0.4,1,1,0,2,20001,0,0,0,0,2,20001,2,20003,0.0453489332718921,0.0976138866163654,50.45,50.98,central,10,1.0,1.0,1.0,1.0,23.0,0.0,0.8481094744526936,0.0,0.03687432497620407,26,0.8846153846153846,0.0,0.03261959517125745,5.66988092298052,almost_always_solved
scikit-learn_scikit-learn_1.5.2_1.6.0,M12.3,Infrastructure Foundation Phase 3a,Breaking,True,448,3013,231,217,1763,1250,176,0,1722,7,0.5454545454545454,2,0.4,1,1,17,0,23768,0,0,0,17,0,23768,17,23785,0.5313657653544306,0.5029367257540434,55.31,55.03,central,10,0.3,0.9,0.6547339442397699,0.7024053142803143,24.0,0.0,0.49600433529700755,0.0,0.02066684730404198,26,0.9230769230769231,0.0,0.019077089819115677,6.1070228877422545,middle
scikit-learn_scikit-learn_1.5.2_1.6.0,M12.4,Infrastructure Foundation Phase 3b,Breaking,True,703,1977,454,249,1238,739,55,0,2028,8,0.6363636363636364,3,0.6,1,1,104,0,20284,0,0,0,104,0,20284,104,20388,0.9903849363823082,0.9337190751173788,59.9,59.34,central,10,0.0,0.6951923076923077,0.8281626621071645,0.7170283539510702,25.0,0.0,4.55486523572833,0.0,0.18219460942913318,26,0.9615384615384616,0.0,0.1751871244510896,6.556778356158042,almost_never_solved
scikit-learn_scikit-learn_1.5.2_1.6.0,M12.5,Tags System and Validation Phase 4a (Partial),Breaking,True,391,1000,314,77,700,300,8,0,2509,9,0.7272727272727273,4,0.8,5,2,47,0,22281,0,0,0,47,0,22281,47,22328,0.4973266442540855,0.6290391066496347,54.97,56.29,central,10,0.0,0.5297872340425532,0.4716738001616103,0.4832401790890265,24.0,0.0,0.5339375709425629,0.0,0.022247398789273454,26,0.9230769230769231,0.0,0.020536060420867804,5.971261839790462,almost_never_solved
scikit-learn_scikit-learn_1.5.2_1.6.0,M13,Documentation and Testing Updates,Docs,True,655,2454,461,194,1355,1099,57,0,1312,10,0.8181818181818182,2,0.4,1,1,13,1,19856,0,0,0,13,1,19856,14,19870,0.7853563531470353,0.7725817697266124,57.85,57.73,central,10,0.1,0.8214285714285714,0.9882352941176471,0.8909225504768983,23.0,0.0,2.0399757555591567,0.0,0.08869459806778943,26,0.8846153846153846,0.0,0.07846060598304448,6.486160788944089,almost_never_solved
scikit-learn_scikit-learn_1.5.2_1.6.0,M04,Move _validate_data to Public API,Breaking,True,149,2341,132,17,1625,716,96,0,600,11,0.9090909090909092,5,1.0,2,0,1,0,20960,0,0,0,1,0,20960,1,20961,-0.479370131456746,-0.0279951483941308,45.21,49.72,central,10,0.9,1.0,0.9052631578947368,0.9099999999999999,23.0,0.0,0.4042531957246729,0.0,0.017576225901072735,26,0.8846153846153846,0.0,0.015548199835564342,5.0106352940962555,almost_always_solved
scikit-learn_scikit-learn_1.5.2_1.6.0,M17,Performance Optimizations,Feature,True,206,224,165,41,183,41,5,0,1004,12,1.0,5,1.0,1,0,6,2,19924,0,0,0,6,2,19924,8,19932,-0.1256155921837251,0.2692295956118568,48.74,52.69,central,10,0.7,1.0,0.8973076923076923,0.9189818809318379,23.0,0.0,1.868371077141421,0.0,0.08123352509310526,26,0.8846153846153846,0.0,0.0718604260439008,5.332718793265369,middle
zeromicro_go-zero_v1.6.0_v1.9.3,M005,SQL Statement-Level Circuit Breaker Support,Feature,True,280,289,166,114,170,119,6,0,845,1,0.0,0,0.0,0,2,1,196,2148,0,0,37,1,196,2111,197,2308,0.1098057739994307,-0.1438060434564518,51.1,48.56,central,10,0.1,0.85,0.5380764668894666,0.6061617678846045,22.0,4.0,12.426144549193818,0.18181818181818182,0.5648247522360826,26,0.8461538461538461,0.15384615384615385,0.47792863650745454,5.638354669333745,almost_never_solved
zeromicro_go-zero_v1.6.0_v1.9.3,M007.1,Etcd Config Center Infrastructure,Feature,True,460,666,421,39,524,142,7,0,1698,2,0.0454545454545454,0,0.0,0,2,0,199,1867,0,0,0,0,199,1867,199,2066,0.4721267928750526,0.1503794781315023,54.72,51.5,central,10,0.0,0.4333333333333334,0.865912890355081,0.5480705639456709,26.0,0.0,12.082314087072673,0.0,0.46470438796433355,26,1.0,0.0,0.46470438796433355,6.133398042996649,almost_never_solved
zeromicro_go-zero_v1.6.0_v1.9.3,M008,REST File Server Support,Feature,True,117,177,117,0,147,30,2,0,1097,3,0.0909090909090909,0,0.0,0,0,0,231,1472,0,0,0,0,231,1472,231,1703,-0.5714710504935371,-0.663019105812806,44.29,43.37,central,10,0.2,0.744,0.9715686274509803,0.8059847599972146,26.0,3.0,19.88103676777805,0.11538461538461539,0.7646552602991558,26,1.0,0.11538461538461539,0.7646552602991558,4.770684624465665,middle
zeromicro_go-zero_v1.6.0_v1.9.3,M009,HTTP-to-HTTP Gateway Support,Feature,True,343,469,268,75,331,138,7,0,1317,4,0.1363636363636363,0,0.0,0,0,9,199,1310,0,0,0,9,199,1310,208,1518,0.217395353411643,-0.0332377162364468,52.17,49.67,central,10,0.0,0.592156862745098,0.6951590083532314,0.6325478681655429,26.0,1.0,12.225109996970154,0.038461538461538464,0.4701965383450059,26,1.0,0.038461538461538464,0.4701965383450059,5.840641657373398,almost_never_solved
zeromicro_go-zero_v1.6.0_v1.9.3,M013,Consistent Hash Balancer for zRPC,Feature,True,122,122,118,4,118,4,4,0,1900,5,0.1818181818181818,0,0.0,0,0,0,211,1290,0,0,0,0,211,1290,211,1501,-0.5607090295773629,-0.6327229188743769,44.39,43.67,central,10,0.4,0.787037037037037,0.8965773115773116,0.8180703810417231,26.0,0.0,10.863550511728807,0.0,0.4178288658357233,26,1.0,0.0,0.4178288658357233,4.812184355372417,middle
zeromicro_go-zero_v1.6.0_v1.9.3,M023,SQL and ORM Improvements,Quality,True,78,146,71,7,105,41,9,0,1144,6,0.2272727272727272,0,0.0,0,2,2,245,1343,0,0,0,2,245,1343,247,1590,-0.8792353562857295,-0.8702649767782051,41.21,41.3,central,10,0.0,0.7725018402649982,0.9960350877192983,0.8556565464907313,26.0,0.0,17.94873552111771,0.0,0.6903359815814505,26,1.0,0.0,0.6903359815814505,4.3694478524670215,almost_never_solved
zeromicro_go-zero_v1.6.0_v1.9.3,M017,Mapping and Unmarshaler Improvements,Quality,True,152,402,116,36,241,161,6,0,1617,7,0.2727272727272727,1,0.125,2,2,3,168,1296,0,0,0,3,168,1296,171,1467,-0.4112646760869698,-0.4563735067416777,45.89,45.44,central,10,0.5,0.9785714285714284,0.8632791537667698,0.8862002118841575,26.0,2.0,15.551999222943351,0.07692307692307693,0.598153816267052,26,1.0,0.07692307692307693,0.598153816267052,5.030437921392435,middle
zeromicro_go-zero_v1.6.0_v1.9.3,M004,CPU Monitoring and Adaptive Shedding,Quality,True,402,456,247,155,274,182,35,0,1473,8,0.3181818181818182,2,0.25,1,3,0,283,2257,0,6,52,0,277,2205,277,2482,0.4130161300937949,0.2477642845647371,54.13,52.48,central,10,0.2,0.985483870967742,0.878535781926618,0.9272064514742476,26.0,0.0,4.156587963974955,0.0,0.15986876784519058,26,1.0,0.0,0.15986876784519058,5.998936561946683,middle
zeromicro_go-zero_v1.6.0_v1.9.3,M003,Circuit Breaker Algorithm Evolution and Recovery Optimization,Quality,True,411,481,319,92,354,127,8,0,1688,9,0.3636363636363636,3,0.375,1,1,0,407,2342,0,189,52,0,218,2290,218,2508,0.4153234186359852,0.2970611414550466,54.15,52.97,central,10,0.0,0.20925925925925926,0.6818600858064745,0.2696276940621567,15.0,0.0,1.3958873435334043,0.0,0.09305915623556028,26,0.5769230769230769,0.0,0.05368797475128478,6.021023349349527,almost_never_solved
zeromicro_go-zero_v1.6.0_v1.9.3,M001,Upgrade go-redis to v9 with API Modernization,Breaking,True,195,244,83,112,107,137,9,0,1405,10,0.4090909090909091,4,0.5,2,1,0,369,2477,0,213,0,0,156,2477,156,2633,-0.1637901672458118,-0.1093096206918964,48.36,48.91,central,10,0.5,1.0,0.9799479356960175,0.9896325736799616,23.0,3.0,14.374077207036947,0.13043478260869565,0.6249598785668238,26,0.8846153846153846,0.11538461538461539,0.5528491233475749,5.278114659230517,middle
zeromicro_go-zero_v1.6.0_v1.9.3,M018,Logging System Enhancements,Feature,True,615,864,485,130,610,254,10,0,3510,11,0.4545454545454545,3,0.375,1,1,0,311,1340,0,0,0,0,311,1340,311,1651,0.6910107794641986,0.5253137220326808,56.91,55.25,central,10,0.0,0.1885135135135135,0.7722826086956521,0.2378319569153168,26.0,0.0,3.570846502858498,0.0,0.13734025010994222,26,1.0,0.0,0.13734025010994222,6.423246963533519,almost_never_solved
zeromicro_go-zero_v1.6.0_v1.9.3,M019,HTTP Request Response Improvements,Quality,True,219,599,178,41,393,206,15,0,1310,12,0.5,4,0.5,1,2,3,910,1453,0,0,0,3,910,1453,913,2366,0.0034624972379523,0.0299381803239233,50.03,50.3,central,10,0.1,0.45487465181058495,0.8120072831649059,0.5455509011852537,26.0,0.0,2.504898297432629,0.0,0.09634224220894727,26,1.0,0.0,0.09634224220894727,5.393627546352362,almost_never_solved
zeromicro_go-zero_v1.6.0_v1.9.3,M007.2,Etcd Discovery Mechanism Reliability,Feature,True,537,873,352,185,520,353,16,0,1289,13,0.5454545454545454,5,0.625,2,1,6,269,2036,0,0,0,6,269,2036,275,2311,0.622636557594774,0.5732057831685398,56.23,55.73,central,10,0.0,0.48987341772151893,0.29741844734540834,0.3698823025295229,21.0,0.0,0.48380349033256725,0.0,0.023038261444407966,26,0.8076923076923077,0.0,0.018607826551252586,6.2878585601617845,almost_never_solved
zeromicro_go-zero_v1.6.0_v1.9.3,M010,SSE Routes Support with Timeout Handling,Feature,True,175,271,137,38,185,86,9,0,1201,14,0.5909090909090909,5,0.625,1,1,0,396,2149,0,0,0,0,396,2149,396,2545,-0.1886747687915762,-0.0517852655688372,48.11,49.48,central,10,0.0,0.2305084745762712,0.5534666217515103,0.3243128663912456,26.0,0.0,0.2980210064040259,0.0,0.011462346400154842,26,1.0,0.0,0.011462346400154842,5.170483995038151,almost_never_solved
zeromicro_go-zero_v1.6.0_v1.9.3,M024,RPC and Balancer Improvements,Quality,True,216,236,115,101,125,111,10,0,1118,15,0.6363636363636364,0,0.0,0,0,1,253,1327,0,14,16,1,239,1311,240,1551,-0.1199486642677745,-0.1637674571625357,48.8,48.36,central,10,0.1,0.8574144438340555,0.9440233667850473,0.8814555400929374,26.0,1.0,17.78261164871866,0.038461538461538464,0.6839466018737946,26,1.0,0.038461538461538464,0.6839466018737946,5.37989735354046,almost_never_solved
zeromicro_go-zero_v1.6.0_v1.9.3,M025,Threading and Concurrency Utilities,Feature,True,147,149,147,0,148,1,2,0,1492,16,0.6818181818181818,0,0.0,0,0,0,178,1675,0,0,0,0,178,1675,178,1853,-0.4067067533796483,-0.3705504747745585,45.93,46.29,central,10,0.0,0.7753611556982343,0.8735969129459764,0.7709118353371461,26.0,0.0,11.696913568441284,0.0,0.4498812910938955,26,1.0,0.0,0.4498812910938955,4.997212273764115,almost_never_solved
zeromicro_go-zero_v1.6.0_v1.9.3,M026,Configuration System Improvements,Quality,True,32,44,27,5,33,11,6,0,608,17,0.7272727272727273,0,0.0,0,1,2,222,2120,0,0,0,2,222,2120,224,2344,-1.499358334204454,-1.212187054463301,35.01,37.88,lower,10,0.1,0.9089285714285715,0.9266501614327701,0.8770933130912496,26.0,1.0,13.754129855147358,0.038461538461538464,0.5290049944287445,26,1.0,0.038461538461538464,0.5290049944287445,3.4965075614664802,almost_never_solved
zeromicro_go-zero_v1.6.0_v1.9.3,M021,Service Infrastructure Improvements,Quality,True,170,213,119,51,138,75,8,0,922,18,0.7727272727272727,2,0.25,2,1,1,186,1324,0,0,0,1,186,1324,187,1511,-0.3181208699237594,-0.2143328273024461,46.82,47.86,central,10,0.3,0.7166666666666667,0.9629861111111111,0.7894412200134299,26.0,0.0,12.057343228179445,0.0,0.463743970314594,26,1.0,0.0,0.463743970314594,5.14166355650266,middle
zeromicro_go-zero_v1.6.0_v1.9.3,M027,Lua Scripts and Limits Refactoring,Quality,True,156,232,86,70,127,105,10,0,778,19,0.8181818181818182,5,0.625,2,1,0,225,2417,0,0,0,0,225,2417,225,2642,-0.3061142232472482,-0.0785822954709694,46.94,49.21,central,10,0.5,0.9,0.8126126482213438,0.8450449720444049,23.0,0.0,0.6048757117434321,0.0,0.026298943988844876,26,0.8846153846153846,0.0,0.023264450451670467,5.056245805348308,middle
zeromicro_go-zero_v1.6.0_v1.9.3,M020,Code Quality and Modernization,Maintenance,True,615,885,208,407,343,542,16,0,2402,20,0.8636363636363636,6,0.75,4,1,8,212,1430,0,0,0,8,212,1430,220,1650,0.6712756204144396,0.7237461471672268,56.71,57.24,central,10,0.4,0.9873015873015873,0.9605388331475287,0.9731439010639518,25.0,0.0,4.549562611320184,0.0,0.18198250445280734,26,0.9615384615384616,0.0,0.1749831773584686,6.423246963533519,middle
zeromicro_go-zero_v1.6.0_v1.9.3,M014,Continuous Profiling Support,Feature,True,461,616,373,88,451,165,6,0,1041,21,0.9090909090909092,7,0.875,2,2,0,240,2151,0,0,0,0,240,2151,240,2391,0.5027787236219861,0.6461846068272086,55.03,56.46,central,10,0.2,0.7483870967741935,0.702650552460452,0.7227982518417333,19.0,0.0,0.23022274320269176,0.0,0.012116986484352199,26,0.7307692307692307,0.0,0.008854720892411221,6.135564891081739,middle
zeromicro_go-zero_v1.6.0_v1.9.3,M022,Trace and Observability Improvements,Quality,True,53,69,27,26,35,34,5,0,710,22,0.9545454545454546,8,1.0,1,0,0,215,2211,0,0,0,0,215,2211,215,2426,-1.1257765110823506,-0.5864937103132211,38.74,44.14,central,10,0.6,0.9106976744186046,0.9671052631578947,0.9013096913471157,16.0,0.0,0.1690286967102874,0.0,0.010564293544392962,26,0.6153846153846154,0.0,0.006501103719626438,3.9889840465642745,middle
zeromicro_go-zero_v1.6.0_v1.9.3,M028,Miscellaneous Fixes and Improvements,Maintenance,True,447,903,282,165,502,401,40,0,2033,23,1.0,8,1.0,2,0,13,631,2232,0,0,0,13,631,2232,644,2876,0.5589425402035373,0.7466878544241395,55.59,57.47,central,10,0.1,0.838634734830387,0.9595587338917995,0.877656193855621,20.0,0.0,0.8088262239539142,0.0,0.040441311197695715,26,0.7692307692307693,0.0,0.031108700921304393,6.104793232414985,almost_never_solved
